periodo_decada,n_total,n_informativos,cobertura,variable
1840s,82,76,0.926829268292683,edad_num
1850s,398,364,0.914572864321608,edad_num
1860s,113,103,0.911504424778761,edad_num
1840s,82,14,0.17073170731707318,estatura_macro
1850s,398,50,0.12562814070351758,estatura_macro
1860s,113,0,0.0,estatura_macro
1840s,82,15,0.18292682926829268,complexion_macro
1850s,398,77,0.1934673366834171,complexion_macro
1860s,113,0,0.0,complexion_macro
1840s,82,26,0.3170731707317073,cara_macro
1850s,398,108,0.271356783919598,cara_macro
1860s,113,0,0.0,cara_macro
1840s,82,21,0.25609756097560976,ojos_macro
1850s,398,74,0.18592964824120603,ojos_macro
1860s,113,0,0.0,ojos_macro
1840s,82,20,0.24390243902439024,nariz_macro
1850s,398,74,0.18592964824120603,nariz_macro
1860s,113,0,0.0,nariz_macro
1840s,82,9,0.10975609756097561,boca_macro
1850s,398,35,0.08793969849246232,boca_macro
1860s,113,0,0.0,boca_macro
1840s,82,3,0.036585365853658534,frente_macro
1850s,398,11,0.02763819095477387,frente_macro
1860s,113,0,0.0,frente_macro
1840s,82,7,0.08536585365853659,longitud_cabello_macro
1850s,398,52,0.1306532663316583,longitud_cabello_macro
1860s,113,0,0.0,longitud_cabello_macro
1840s,82,1,0.012195121951219513,peinado_macro
1850s,398,27,0.0678391959798995,peinado_macro
1860s,113,0,0.0,peinado_macro
1840s,82,19,0.23170731707317074,camisa_macro
1850s,398,104,0.2613065326633166,camisa_macro
1860s,113,0,0.0,camisa_macro
1840s,82,15,0.18292682926829268,pantalon_macro
1850s,398,58,0.1457286432160804,pantalon_macro
1860s,113,0,0.0,pantalon_macro
1840s,82,62,0.7560975609756098,color_piel_macro
1850s,398,271,0.6809045226130653,color_piel_macro
1860s,113,0,0.0,color_piel_macro
