estacion,n_total,n_informativos,cobertura,variable
Invierno,134,122,0.9104477611940298,edad_num
Otoño,129,121,0.937984496124031,edad_num
Primavera,167,154,0.9221556886227545,edad_num
Verano,163,146,0.8957055214723927,edad_num
Invierno,134,15,0.11194029850746269,estatura_macro
Otoño,129,17,0.13178294573643412,estatura_macro
Primavera,167,16,0.09580838323353294,estatura_macro
Verano,163,16,0.09815950920245399,estatura_macro
Invierno,134,14,0.1044776119402985,complexion_macro
Otoño,129,24,0.18604651162790697,complexion_macro
Primavera,167,26,0.15568862275449102,complexion_macro
Verano,163,28,0.17177914110429449,complexion_macro
Invierno,134,30,0.22388059701492538,cara_macro
Otoño,129,29,0.2248062015503876,cara_macro
Primavera,167,40,0.23952095808383234,cara_macro
Verano,163,35,0.2147239263803681,cara_macro
Invierno,134,22,0.16417910447761194,ojos_macro
Otoño,129,21,0.16279069767441862,ojos_macro
Primavera,167,31,0.18562874251497005,ojos_macro
Verano,163,21,0.12883435582822086,ojos_macro
Invierno,134,22,0.16417910447761194,nariz_macro
Otoño,129,22,0.17054263565891473,nariz_macro
Primavera,167,29,0.17365269461077845,nariz_macro
Verano,163,21,0.12883435582822086,nariz_macro
Invierno,134,5,0.03731343283582089,boca_macro
Otoño,129,8,0.06201550387596899,boca_macro
Primavera,167,17,0.10179640718562874,boca_macro
Verano,163,14,0.08588957055214724,boca_macro
Invierno,134,3,0.022388059701492536,frente_macro
Otoño,129,2,0.015503875968992248,frente_macro
Primavera,167,6,0.03592814371257485,frente_macro
Verano,163,3,0.018404907975460124,frente_macro
Invierno,134,9,0.06716417910447761,longitud_cabello_macro
Otoño,129,15,0.11627906976744186,longitud_cabello_macro
Primavera,167,19,0.11377245508982035,longitud_cabello_macro
Verano,163,16,0.09815950920245399,longitud_cabello_macro
Invierno,134,9,0.06716417910447761,peinado_macro
Otoño,129,7,0.05426356589147287,peinado_macro
Primavera,167,5,0.029940119760479042,peinado_macro
Verano,163,7,0.04294478527607362,peinado_macro
Invierno,134,31,0.23134328358208955,camisa_macro
Otoño,129,29,0.2248062015503876,camisa_macro
Primavera,167,27,0.16167664670658682,camisa_macro
Verano,163,36,0.22085889570552147,camisa_macro
Invierno,134,19,0.1417910447761194,pantalon_macro
Otoño,129,11,0.08527131782945736,pantalon_macro
Primavera,167,24,0.1437125748502994,pantalon_macro
Verano,163,19,0.1165644171779141,pantalon_macro
Invierno,134,79,0.5895522388059702,color_piel_macro
Otoño,129,84,0.6511627906976745,color_piel_macro
Primavera,167,95,0.5688622754491018,color_piel_macro
Verano,163,75,0.4601226993865031,color_piel_macro
