anio_estacion,n_total,n_informativos,cobertura,variable
1841 - Invierno,2,1,0.5,edad_num
1841 - Primavera,1,1,1.0,edad_num
1842 - Invierno,1,1,1.0,edad_num
1842 - Verano,1,1,1.0,edad_num
1843 - Invierno,3,3,1.0,edad_num
1843 - Otoño,1,1,1.0,edad_num
1843 - Primavera,1,1,1.0,edad_num
1843 - Verano,2,2,1.0,edad_num
1844 - Invierno,3,3,1.0,edad_num
1844 - Otoño,1,1,1.0,edad_num
1844 - Primavera,1,1,1.0,edad_num
1844 - Verano,3,3,1.0,edad_num
1845 - Invierno,1,1,1.0,edad_num
1845 - Otoño,1,1,1.0,edad_num
1845 - Primavera,3,3,1.0,edad_num
1845 - Verano,1,0,0.0,edad_num
1846 - Invierno,1,1,1.0,edad_num
1846 - Otoño,2,2,1.0,edad_num
1846 - Verano,3,3,1.0,edad_num
1847 - Invierno,2,2,1.0,edad_num
1847 - Otoño,2,2,1.0,edad_num
1847 - Primavera,13,13,1.0,edad_num
1847 - Verano,1,1,1.0,edad_num
1848 - Invierno,3,3,1.0,edad_num
1848 - Otoño,1,1,1.0,edad_num
1848 - Primavera,4,3,0.75,edad_num
1848 - Verano,7,5,0.7142857142857143,edad_num
1849 - Invierno,3,3,1.0,edad_num
1849 - Otoño,4,4,1.0,edad_num
1849 - Primavera,9,8,0.8888888888888888,edad_num
1849 - Verano,1,1,1.0,edad_num
1850 - Invierno,3,3,1.0,edad_num
1850 - Otoño,8,7,0.875,edad_num
1850 - Primavera,10,10,1.0,edad_num
1850 - Verano,11,11,1.0,edad_num
1851 - Invierno,15,12,0.8,edad_num
1851 - Otoño,7,6,0.8571428571428571,edad_num
1851 - Primavera,8,7,0.875,edad_num
1851 - Verano,11,11,1.0,edad_num
1852 - Invierno,7,7,1.0,edad_num
1852 - Otoño,5,5,1.0,edad_num
1852 - Primavera,11,11,1.0,edad_num
1852 - Verano,13,11,0.8461538461538461,edad_num
1853 - Invierno,6,6,1.0,edad_num
1853 - Otoño,4,4,1.0,edad_num
1853 - Primavera,8,8,1.0,edad_num
1853 - Verano,7,6,0.8571428571428571,edad_num
1854 - Invierno,14,14,1.0,edad_num
1854 - Otoño,10,9,0.9,edad_num
1854 - Primavera,12,11,0.9166666666666666,edad_num
1854 - Verano,6,6,1.0,edad_num
1855 - Invierno,5,5,1.0,edad_num
1855 - Otoño,6,6,1.0,edad_num
1855 - Primavera,3,3,1.0,edad_num
1855 - Verano,9,9,1.0,edad_num
1856 - Invierno,5,3,0.6,edad_num
1856 - Otoño,2,2,1.0,edad_num
1856 - Primavera,11,11,1.0,edad_num
1856 - Verano,1,1,1.0,edad_num
1857 - Invierno,15,13,0.8666666666666667,edad_num
1857 - Otoño,9,8,0.8888888888888888,edad_num
1857 - Primavera,8,6,0.75,edad_num
1857 - Verano,8,6,0.75,edad_num
1858 - Invierno,14,13,0.9285714285714286,edad_num
1858 - Otoño,20,20,1.0,edad_num
1858 - Primavera,18,16,0.8888888888888888,edad_num
1858 - Verano,30,24,0.8,edad_num
1859 - Invierno,5,4,0.8,edad_num
1859 - Otoño,21,18,0.8571428571428571,edad_num
1859 - Primavera,17,16,0.9411764705882353,edad_num
1859 - Verano,15,15,1.0,edad_num
1860 - Verano,1,1,1.0,edad_num
1864 - Invierno,5,5,1.0,edad_num
1864 - Primavera,4,3,0.75,edad_num
1864 - Verano,6,6,1.0,edad_num
1867 - Invierno,7,6,0.8571428571428571,edad_num
1867 - Otoño,18,18,1.0,edad_num
1867 - Primavera,10,9,0.9,edad_num
1867 - Verano,17,15,0.8823529411764706,edad_num
1868 - Invierno,5,5,1.0,edad_num
1868 - Primavera,7,7,1.0,edad_num
1868 - Verano,1,1,1.0,edad_num
1869 - Invierno,9,8,0.8888888888888888,edad_num
1869 - Otoño,7,6,0.8571428571428571,edad_num
1869 - Primavera,8,6,0.75,edad_num
1869 - Verano,8,7,0.875,edad_num
1841 - Invierno,2,0,0.0,estatura_macro
1841 - Primavera,1,0,0.0,estatura_macro
1842 - Invierno,1,1,1.0,estatura_macro
1842 - Verano,1,0,0.0,estatura_macro
1843 - Invierno,3,0,0.0,estatura_macro
1843 - Otoño,1,0,0.0,estatura_macro
1843 - Primavera,1,1,1.0,estatura_macro
1843 - Verano,2,0,0.0,estatura_macro
1844 - Invierno,3,0,0.0,estatura_macro
1844 - Otoño,1,0,0.0,estatura_macro
1844 - Primavera,1,0,0.0,estatura_macro
1844 - Verano,3,2,0.6666666666666666,estatura_macro
1845 - Invierno,1,0,0.0,estatura_macro
1845 - Otoño,1,0,0.0,estatura_macro
1845 - Primavera,3,0,0.0,estatura_macro
1845 - Verano,1,0,0.0,estatura_macro
1846 - Invierno,1,1,1.0,estatura_macro
1846 - Otoño,2,0,0.0,estatura_macro
1846 - Verano,3,1,0.3333333333333333,estatura_macro
1847 - Invierno,2,0,0.0,estatura_macro
1847 - Otoño,2,0,0.0,estatura_macro
1847 - Primavera,13,1,0.07692307692307693,estatura_macro
1847 - Verano,1,0,0.0,estatura_macro
1848 - Invierno,3,2,0.6666666666666666,estatura_macro
1848 - Otoño,1,0,0.0,estatura_macro
1848 - Primavera,4,0,0.0,estatura_macro
1848 - Verano,7,2,0.2857142857142857,estatura_macro
1849 - Invierno,3,1,0.3333333333333333,estatura_macro
1849 - Otoño,4,0,0.0,estatura_macro
1849 - Primavera,9,2,0.2222222222222222,estatura_macro
1849 - Verano,1,0,0.0,estatura_macro
1850 - Invierno,3,0,0.0,estatura_macro
1850 - Otoño,8,2,0.25,estatura_macro
1850 - Primavera,10,1,0.1,estatura_macro
1850 - Verano,11,4,0.36363636363636365,estatura_macro
1851 - Invierno,15,2,0.13333333333333333,estatura_macro
1851 - Otoño,7,0,0.0,estatura_macro
1851 - Primavera,8,3,0.375,estatura_macro
1851 - Verano,11,0,0.0,estatura_macro
1852 - Invierno,7,0,0.0,estatura_macro
1852 - Otoño,5,1,0.2,estatura_macro
1852 - Primavera,11,1,0.09090909090909091,estatura_macro
1852 - Verano,13,2,0.15384615384615385,estatura_macro
1853 - Invierno,6,1,0.16666666666666666,estatura_macro
1853 - Otoño,4,0,0.0,estatura_macro
1853 - Primavera,8,2,0.25,estatura_macro
1853 - Verano,7,3,0.42857142857142855,estatura_macro
1854 - Invierno,14,3,0.21428571428571427,estatura_macro
1854 - Otoño,10,3,0.3,estatura_macro
1854 - Primavera,12,2,0.16666666666666666,estatura_macro
1854 - Verano,6,1,0.16666666666666666,estatura_macro
1855 - Invierno,5,2,0.4,estatura_macro
1855 - Otoño,6,1,0.16666666666666666,estatura_macro
1855 - Primavera,3,0,0.0,estatura_macro
1855 - Verano,9,0,0.0,estatura_macro
1856 - Invierno,5,0,0.0,estatura_macro
1856 - Otoño,2,0,0.0,estatura_macro
1856 - Primavera,11,0,0.0,estatura_macro
1856 - Verano,1,0,0.0,estatura_macro
1857 - Invierno,15,0,0.0,estatura_macro
1857 - Otoño,9,0,0.0,estatura_macro
1857 - Primavera,8,0,0.0,estatura_macro
1857 - Verano,8,0,0.0,estatura_macro
1858 - Invierno,14,2,0.14285714285714285,estatura_macro
1858 - Otoño,20,5,0.25,estatura_macro
1858 - Primavera,18,1,0.05555555555555555,estatura_macro
1858 - Verano,30,0,0.0,estatura_macro
1859 - Invierno,5,0,0.0,estatura_macro
1859 - Otoño,21,5,0.23809523809523808,estatura_macro
1859 - Primavera,17,2,0.11764705882352941,estatura_macro
1859 - Verano,15,1,0.06666666666666667,estatura_macro
1860 - Verano,1,0,0.0,estatura_macro
1864 - Invierno,5,0,0.0,estatura_macro
1864 - Primavera,4,0,0.0,estatura_macro
1864 - Verano,6,0,0.0,estatura_macro
1867 - Invierno,7,0,0.0,estatura_macro
1867 - Otoño,18,0,0.0,estatura_macro
1867 - Primavera,10,0,0.0,estatura_macro
1867 - Verano,17,0,0.0,estatura_macro
1868 - Invierno,5,0,0.0,estatura_macro
1868 - Primavera,7,0,0.0,estatura_macro
1868 - Verano,1,0,0.0,estatura_macro
1869 - Invierno,9,0,0.0,estatura_macro
1869 - Otoño,7,0,0.0,estatura_macro
1869 - Primavera,8,0,0.0,estatura_macro
1869 - Verano,8,0,0.0,estatura_macro
1841 - Invierno,2,0,0.0,complexion_macro
1841 - Primavera,1,0,0.0,complexion_macro
1842 - Invierno,1,0,0.0,complexion_macro
1842 - Verano,1,0,0.0,complexion_macro
1843 - Invierno,3,0,0.0,complexion_macro
1843 - Otoño,1,0,0.0,complexion_macro
1843 - Primavera,1,0,0.0,complexion_macro
1843 - Verano,2,0,0.0,complexion_macro
1844 - Invierno,3,1,0.3333333333333333,complexion_macro
1844 - Otoño,1,0,0.0,complexion_macro
1844 - Primavera,1,0,0.0,complexion_macro
1844 - Verano,3,1,0.3333333333333333,complexion_macro
1845 - Invierno,1,0,0.0,complexion_macro
1845 - Otoño,1,1,1.0,complexion_macro
1845 - Primavera,3,0,0.0,complexion_macro
1845 - Verano,1,0,0.0,complexion_macro
1846 - Invierno,1,0,0.0,complexion_macro
1846 - Otoño,2,0,0.0,complexion_macro
1846 - Verano,3,1,0.3333333333333333,complexion_macro
1847 - Invierno,2,0,0.0,complexion_macro
1847 - Otoño,2,0,0.0,complexion_macro
1847 - Primavera,13,4,0.3076923076923077,complexion_macro
1847 - Verano,1,0,0.0,complexion_macro
1848 - Invierno,3,0,0.0,complexion_macro
1848 - Otoño,1,0,0.0,complexion_macro
1848 - Primavera,4,1,0.25,complexion_macro
1848 - Verano,7,2,0.2857142857142857,complexion_macro
1849 - Invierno,3,1,0.3333333333333333,complexion_macro
1849 - Otoño,4,0,0.0,complexion_macro
1849 - Primavera,9,3,0.3333333333333333,complexion_macro
1849 - Verano,1,0,0.0,complexion_macro
1850 - Invierno,3,0,0.0,complexion_macro
1850 - Otoño,8,4,0.5,complexion_macro
1850 - Primavera,10,3,0.3,complexion_macro
1850 - Verano,11,6,0.5454545454545454,complexion_macro
1851 - Invierno,15,1,0.06666666666666667,complexion_macro
1851 - Otoño,7,3,0.42857142857142855,complexion_macro
1851 - Primavera,8,0,0.0,complexion_macro
1851 - Verano,11,1,0.09090909090909091,complexion_macro
1852 - Invierno,7,0,0.0,complexion_macro
1852 - Otoño,5,2,0.4,complexion_macro
1852 - Primavera,11,2,0.18181818181818182,complexion_macro
1852 - Verano,13,8,0.6153846153846154,complexion_macro
1853 - Invierno,6,2,0.3333333333333333,complexion_macro
1853 - Otoño,4,1,0.25,complexion_macro
1853 - Primavera,8,2,0.25,complexion_macro
1853 - Verano,7,3,0.42857142857142855,complexion_macro
1854 - Invierno,14,3,0.21428571428571427,complexion_macro
1854 - Otoño,10,3,0.3,complexion_macro
1854 - Primavera,12,3,0.25,complexion_macro
1854 - Verano,6,0,0.0,complexion_macro
1855 - Invierno,5,0,0.0,complexion_macro
1855 - Otoño,6,1,0.16666666666666666,complexion_macro
1855 - Primavera,3,1,0.3333333333333333,complexion_macro
1855 - Verano,9,0,0.0,complexion_macro
1856 - Invierno,5,2,0.4,complexion_macro
1856 - Otoño,2,0,0.0,complexion_macro
1856 - Primavera,11,0,0.0,complexion_macro
1856 - Verano,1,0,0.0,complexion_macro
1857 - Invierno,15,0,0.0,complexion_macro
1857 - Otoño,9,0,0.0,complexion_macro
1857 - Primavera,8,0,0.0,complexion_macro
1857 - Verano,8,0,0.0,complexion_macro
1858 - Invierno,14,4,0.2857142857142857,complexion_macro
1858 - Otoño,20,4,0.2,complexion_macro
1858 - Primavera,18,5,0.2777777777777778,complexion_macro
1858 - Verano,30,3,0.1,complexion_macro
1859 - Invierno,5,0,0.0,complexion_macro
1859 - Otoño,21,5,0.23809523809523808,complexion_macro
1859 - Primavera,17,2,0.11764705882352941,complexion_macro
1859 - Verano,15,3,0.2,complexion_macro
1860 - Verano,1,0,0.0,complexion_macro
1864 - Invierno,5,0,0.0,complexion_macro
1864 - Primavera,4,0,0.0,complexion_macro
1864 - Verano,6,0,0.0,complexion_macro
1867 - Invierno,7,0,0.0,complexion_macro
1867 - Otoño,18,0,0.0,complexion_macro
1867 - Primavera,10,0,0.0,complexion_macro
1867 - Verano,17,0,0.0,complexion_macro
1868 - Invierno,5,0,0.0,complexion_macro
1868 - Primavera,7,0,0.0,complexion_macro
1868 - Verano,1,0,0.0,complexion_macro
1869 - Invierno,9,0,0.0,complexion_macro
1869 - Otoño,7,0,0.0,complexion_macro
1869 - Primavera,8,0,0.0,complexion_macro
1869 - Verano,8,0,0.0,complexion_macro
1841 - Invierno,2,1,0.5,cara_macro
1841 - Primavera,1,0,0.0,cara_macro
1842 - Invierno,1,1,1.0,cara_macro
1842 - Verano,1,0,0.0,cara_macro
1843 - Invierno,3,0,0.0,cara_macro
1843 - Otoño,1,0,0.0,cara_macro
1843 - Primavera,1,1,1.0,cara_macro
1843 - Verano,2,0,0.0,cara_macro
1844 - Invierno,3,2,0.6666666666666666,cara_macro
1844 - Otoño,1,0,0.0,cara_macro
1844 - Primavera,1,0,0.0,cara_macro
1844 - Verano,3,0,0.0,cara_macro
1845 - Invierno,1,0,0.0,cara_macro
1845 - Otoño,1,0,0.0,cara_macro
1845 - Primavera,3,0,0.0,cara_macro
1845 - Verano,1,0,0.0,cara_macro
1846 - Invierno,1,1,1.0,cara_macro
1846 - Otoño,2,0,0.0,cara_macro
1846 - Verano,3,1,0.3333333333333333,cara_macro
1847 - Invierno,2,1,0.5,cara_macro
1847 - Otoño,2,0,0.0,cara_macro
1847 - Primavera,13,6,0.46153846153846156,cara_macro
1847 - Verano,1,1,1.0,cara_macro
1848 - Invierno,3,2,0.6666666666666666,cara_macro
1848 - Otoño,1,1,1.0,cara_macro
1848 - Primavera,4,1,0.25,cara_macro
1848 - Verano,7,3,0.42857142857142855,cara_macro
1849 - Invierno,3,1,0.3333333333333333,cara_macro
1849 - Otoño,4,1,0.25,cara_macro
1849 - Primavera,9,2,0.2222222222222222,cara_macro
1849 - Verano,1,0,0.0,cara_macro
1850 - Invierno,3,2,0.6666666666666666,cara_macro
1850 - Otoño,8,4,0.5,cara_macro
1850 - Primavera,10,5,0.5,cara_macro
1850 - Verano,11,2,0.18181818181818182,cara_macro
1851 - Invierno,15,8,0.5333333333333333,cara_macro
1851 - Otoño,7,3,0.42857142857142855,cara_macro
1851 - Primavera,8,2,0.25,cara_macro
1851 - Verano,11,6,0.5454545454545454,cara_macro
1852 - Invierno,7,1,0.14285714285714285,cara_macro
1852 - Otoño,5,2,0.4,cara_macro
1852 - Primavera,11,4,0.36363636363636365,cara_macro
1852 - Verano,13,3,0.23076923076923078,cara_macro
1853 - Invierno,6,2,0.3333333333333333,cara_macro
1853 - Otoño,4,2,0.5,cara_macro
1853 - Primavera,8,4,0.5,cara_macro
1853 - Verano,7,4,0.5714285714285714,cara_macro
1854 - Invierno,14,2,0.14285714285714285,cara_macro
1854 - Otoño,10,5,0.5,cara_macro
1854 - Primavera,12,2,0.16666666666666666,cara_macro
1854 - Verano,6,3,0.5,cara_macro
1855 - Invierno,5,1,0.2,cara_macro
1855 - Otoño,6,0,0.0,cara_macro
1855 - Primavera,3,1,0.3333333333333333,cara_macro
1855 - Verano,9,1,0.1111111111111111,cara_macro
1856 - Invierno,5,0,0.0,cara_macro
1856 - Otoño,2,0,0.0,cara_macro
1856 - Primavera,11,0,0.0,cara_macro
1856 - Verano,1,0,0.0,cara_macro
1857 - Invierno,15,0,0.0,cara_macro
1857 - Otoño,9,0,0.0,cara_macro
1857 - Primavera,8,0,0.0,cara_macro
1857 - Verano,8,0,0.0,cara_macro
1858 - Invierno,14,4,0.2857142857142857,cara_macro
1858 - Otoño,20,6,0.3,cara_macro
1858 - Primavera,18,6,0.3333333333333333,cara_macro
1858 - Verano,30,5,0.16666666666666666,cara_macro
1859 - Invierno,5,1,0.2,cara_macro
1859 - Otoño,21,5,0.23809523809523808,cara_macro
1859 - Primavera,17,6,0.35294117647058826,cara_macro
1859 - Verano,15,6,0.4,cara_macro
1860 - Verano,1,0,0.0,cara_macro
1864 - Invierno,5,0,0.0,cara_macro
1864 - Primavera,4,0,0.0,cara_macro
1864 - Verano,6,0,0.0,cara_macro
1867 - Invierno,7,0,0.0,cara_macro
1867 - Otoño,18,0,0.0,cara_macro
1867 - Primavera,10,0,0.0,cara_macro
1867 - Verano,17,0,0.0,cara_macro
1868 - Invierno,5,0,0.0,cara_macro
1868 - Primavera,7,0,0.0,cara_macro
1868 - Verano,1,0,0.0,cara_macro
1869 - Invierno,9,0,0.0,cara_macro
1869 - Otoño,7,0,0.0,cara_macro
1869 - Primavera,8,0,0.0,cara_macro
1869 - Verano,8,0,0.0,cara_macro
1841 - Invierno,2,1,0.5,ojos_macro
1841 - Primavera,1,0,0.0,ojos_macro
1842 - Invierno,1,1,1.0,ojos_macro
1842 - Verano,1,0,0.0,ojos_macro
1843 - Invierno,3,1,0.3333333333333333,ojos_macro
1843 - Otoño,1,0,0.0,ojos_macro
1843 - Primavera,1,0,0.0,ojos_macro
1843 - Verano,2,0,0.0,ojos_macro
1844 - Invierno,3,2,0.6666666666666666,ojos_macro
1844 - Otoño,1,0,0.0,ojos_macro
1844 - Primavera,1,0,0.0,ojos_macro
1844 - Verano,3,0,0.0,ojos_macro
1845 - Invierno,1,0,0.0,ojos_macro
1845 - Otoño,1,0,0.0,ojos_macro
1845 - Primavera,3,0,0.0,ojos_macro
1845 - Verano,1,0,0.0,ojos_macro
1846 - Invierno,1,0,0.0,ojos_macro
1846 - Otoño,2,0,0.0,ojos_macro
1846 - Verano,3,1,0.3333333333333333,ojos_macro
1847 - Invierno,2,0,0.0,ojos_macro
1847 - Otoño,2,1,0.5,ojos_macro
1847 - Primavera,13,4,0.3076923076923077,ojos_macro
1847 - Verano,1,1,1.0,ojos_macro
1848 - Invierno,3,1,0.3333333333333333,ojos_macro
1848 - Otoño,1,1,1.0,ojos_macro
1848 - Primavera,4,0,0.0,ojos_macro
1848 - Verano,7,0,0.0,ojos_macro
1849 - Invierno,3,2,0.6666666666666666,ojos_macro
1849 - Otoño,4,2,0.5,ojos_macro
1849 - Primavera,9,3,0.3333333333333333,ojos_macro
1849 - Verano,1,0,0.0,ojos_macro
1850 - Invierno,3,1,0.3333333333333333,ojos_macro
1850 - Otoño,8,0,0.0,ojos_macro
1850 - Primavera,10,4,0.4,ojos_macro
1850 - Verano,11,1,0.09090909090909091,ojos_macro
1851 - Invierno,15,4,0.26666666666666666,ojos_macro
1851 - Otoño,7,2,0.2857142857142857,ojos_macro
1851 - Primavera,8,2,0.25,ojos_macro
1851 - Verano,11,4,0.36363636363636365,ojos_macro
1852 - Invierno,7,2,0.2857142857142857,ojos_macro
1852 - Otoño,5,2,0.4,ojos_macro
1852 - Primavera,11,2,0.18181818181818182,ojos_macro
1852 - Verano,13,1,0.07692307692307693,ojos_macro
1853 - Invierno,6,2,0.3333333333333333,ojos_macro
1853 - Otoño,4,1,0.25,ojos_macro
1853 - Primavera,8,2,0.25,ojos_macro
1853 - Verano,7,1,0.14285714285714285,ojos_macro
1854 - Invierno,14,1,0.07142857142857142,ojos_macro
1854 - Otoño,10,1,0.1,ojos_macro
1854 - Primavera,12,3,0.25,ojos_macro
1854 - Verano,6,3,0.5,ojos_macro
1855 - Invierno,5,1,0.2,ojos_macro
1855 - Otoño,6,1,0.16666666666666666,ojos_macro
1855 - Primavera,3,1,0.3333333333333333,ojos_macro
1855 - Verano,9,0,0.0,ojos_macro
1856 - Invierno,5,1,0.2,ojos_macro
1856 - Otoño,2,0,0.0,ojos_macro
1856 - Primavera,11,2,0.18181818181818182,ojos_macro
1856 - Verano,1,1,1.0,ojos_macro
1857 - Invierno,15,0,0.0,ojos_macro
1857 - Otoño,9,0,0.0,ojos_macro
1857 - Primavera,8,0,0.0,ojos_macro
1857 - Verano,8,0,0.0,ojos_macro
1858 - Invierno,14,2,0.14285714285714285,ojos_macro
1858 - Otoño,20,3,0.15,ojos_macro
1858 - Primavera,18,4,0.2222222222222222,ojos_macro
1858 - Verano,30,5,0.16666666666666666,ojos_macro
1859 - Invierno,5,0,0.0,ojos_macro
1859 - Otoño,21,7,0.3333333333333333,ojos_macro
1859 - Primavera,17,4,0.23529411764705882,ojos_macro
1859 - Verano,15,3,0.2,ojos_macro
1860 - Verano,1,0,0.0,ojos_macro
1864 - Invierno,5,0,0.0,ojos_macro
1864 - Primavera,4,0,0.0,ojos_macro
1864 - Verano,6,0,0.0,ojos_macro
1867 - Invierno,7,0,0.0,ojos_macro
1867 - Otoño,18,0,0.0,ojos_macro
1867 - Primavera,10,0,0.0,ojos_macro
1867 - Verano,17,0,0.0,ojos_macro
1868 - Invierno,5,0,0.0,ojos_macro
1868 - Primavera,7,0,0.0,ojos_macro
1868 - Verano,1,0,0.0,ojos_macro
1869 - Invierno,9,0,0.0,ojos_macro
1869 - Otoño,7,0,0.0,ojos_macro
1869 - Primavera,8,0,0.0,ojos_macro
1869 - Verano,8,0,0.0,ojos_macro
1841 - Invierno,2,1,0.5,nariz_macro
1841 - Primavera,1,0,0.0,nariz_macro
1842 - Invierno,1,0,0.0,nariz_macro
1842 - Verano,1,0,0.0,nariz_macro
1843 - Invierno,3,1,0.3333333333333333,nariz_macro
1843 - Otoño,1,0,0.0,nariz_macro
1843 - Primavera,1,0,0.0,nariz_macro
1843 - Verano,2,0,0.0,nariz_macro
1844 - Invierno,3,2,0.6666666666666666,nariz_macro
1844 - Otoño,1,0,0.0,nariz_macro
1844 - Primavera,1,0,0.0,nariz_macro
1844 - Verano,3,0,0.0,nariz_macro
1845 - Invierno,1,0,0.0,nariz_macro
1845 - Otoño,1,1,1.0,nariz_macro
1845 - Primavera,3,1,0.3333333333333333,nariz_macro
1845 - Verano,1,0,0.0,nariz_macro
1846 - Invierno,1,0,0.0,nariz_macro
1846 - Otoño,2,0,0.0,nariz_macro
1846 - Verano,3,1,0.3333333333333333,nariz_macro
1847 - Invierno,2,1,0.5,nariz_macro
1847 - Otoño,2,0,0.0,nariz_macro
1847 - Primavera,13,3,0.23076923076923078,nariz_macro
1847 - Verano,1,0,0.0,nariz_macro
1848 - Invierno,3,2,0.6666666666666666,nariz_macro
1848 - Otoño,1,1,1.0,nariz_macro
1848 - Primavera,4,0,0.0,nariz_macro
1848 - Verano,7,2,0.2857142857142857,nariz_macro
1849 - Invierno,3,2,0.6666666666666666,nariz_macro
1849 - Otoño,4,0,0.0,nariz_macro
1849 - Primavera,9,2,0.2222222222222222,nariz_macro
1849 - Verano,1,0,0.0,nariz_macro
1850 - Invierno,3,1,0.3333333333333333,nariz_macro
1850 - Otoño,8,1,0.125,nariz_macro
1850 - Primavera,10,3,0.3,nariz_macro
1850 - Verano,11,1,0.09090909090909091,nariz_macro
1851 - Invierno,15,4,0.26666666666666666,nariz_macro
1851 - Otoño,7,2,0.2857142857142857,nariz_macro
1851 - Primavera,8,1,0.125,nariz_macro
1851 - Verano,11,3,0.2727272727272727,nariz_macro
1852 - Invierno,7,2,0.2857142857142857,nariz_macro
1852 - Otoño,5,2,0.4,nariz_macro
1852 - Primavera,11,3,0.2727272727272727,nariz_macro
1852 - Verano,13,7,0.5384615384615384,nariz_macro
1853 - Invierno,6,2,0.3333333333333333,nariz_macro
1853 - Otoño,4,2,0.5,nariz_macro
1853 - Primavera,8,0,0.0,nariz_macro
1853 - Verano,7,1,0.14285714285714285,nariz_macro
1854 - Invierno,14,1,0.07142857142857142,nariz_macro
1854 - Otoño,10,3,0.3,nariz_macro
1854 - Primavera,12,2,0.16666666666666666,nariz_macro
1854 - Verano,6,2,0.3333333333333333,nariz_macro
1855 - Invierno,5,0,0.0,nariz_macro
1855 - Otoño,6,2,0.3333333333333333,nariz_macro
1855 - Primavera,3,1,0.3333333333333333,nariz_macro
1855 - Verano,9,1,0.1111111111111111,nariz_macro
1856 - Invierno,5,1,0.2,nariz_macro
1856 - Otoño,2,0,0.0,nariz_macro
1856 - Primavera,11,1,0.09090909090909091,nariz_macro
1856 - Verano,1,0,0.0,nariz_macro
1857 - Invierno,15,0,0.0,nariz_macro
1857 - Otoño,9,0,0.0,nariz_macro
1857 - Primavera,8,0,0.0,nariz_macro
1857 - Verano,8,0,0.0,nariz_macro
1858 - Invierno,14,2,0.14285714285714285,nariz_macro
1858 - Otoño,20,3,0.15,nariz_macro
1858 - Primavera,18,6,0.3333333333333333,nariz_macro
1858 - Verano,30,1,0.03333333333333333,nariz_macro
1859 - Invierno,5,0,0.0,nariz_macro
1859 - Otoño,21,5,0.23809523809523808,nariz_macro
1859 - Primavera,17,6,0.35294117647058826,nariz_macro
1859 - Verano,15,2,0.13333333333333333,nariz_macro
1860 - Verano,1,0,0.0,nariz_macro
1864 - Invierno,5,0,0.0,nariz_macro
1864 - Primavera,4,0,0.0,nariz_macro
1864 - Verano,6,0,0.0,nariz_macro
1867 - Invierno,7,0,0.0,nariz_macro
1867 - Otoño,18,0,0.0,nariz_macro
1867 - Primavera,10,0,0.0,nariz_macro
1867 - Verano,17,0,0.0,nariz_macro
1868 - Invierno,5,0,0.0,nariz_macro
1868 - Primavera,7,0,0.0,nariz_macro
1868 - Verano,1,0,0.0,nariz_macro
1869 - Invierno,9,0,0.0,nariz_macro
1869 - Otoño,7,0,0.0,nariz_macro
1869 - Primavera,8,0,0.0,nariz_macro
1869 - Verano,8,0,0.0,nariz_macro
1841 - Invierno,2,0,0.0,boca_macro
1841 - Primavera,1,0,0.0,boca_macro
1842 - Invierno,1,0,0.0,boca_macro
1842 - Verano,1,0,0.0,boca_macro
1843 - Invierno,3,0,0.0,boca_macro
1843 - Otoño,1,0,0.0,boca_macro
1843 - Primavera,1,0,0.0,boca_macro
1843 - Verano,2,1,0.5,boca_macro
1844 - Invierno,3,0,0.0,boca_macro
1844 - Otoño,1,0,0.0,boca_macro
1844 - Primavera,1,0,0.0,boca_macro
1844 - Verano,3,0,0.0,boca_macro
1845 - Invierno,1,0,0.0,boca_macro
1845 - Otoño,1,0,0.0,boca_macro
1845 - Primavera,3,0,0.0,boca_macro
1845 - Verano,1,0,0.0,boca_macro
1846 - Invierno,1,0,0.0,boca_macro
1846 - Otoño,2,0,0.0,boca_macro
1846 - Verano,3,1,0.3333333333333333,boca_macro
1847 - Invierno,2,0,0.0,boca_macro
1847 - Otoño,2,0,0.0,boca_macro
1847 - Primavera,13,2,0.15384615384615385,boca_macro
1847 - Verano,1,0,0.0,boca_macro
1848 - Invierno,3,0,0.0,boca_macro
1848 - Otoño,1,1,1.0,boca_macro
1848 - Primavera,4,0,0.0,boca_macro
1848 - Verano,7,2,0.2857142857142857,boca_macro
1849 - Invierno,3,1,0.3333333333333333,boca_macro
1849 - Otoño,4,0,0.0,boca_macro
1849 - Primavera,9,1,0.1111111111111111,boca_macro
1849 - Verano,1,0,0.0,boca_macro
1850 - Invierno,3,0,0.0,boca_macro
1850 - Otoño,8,0,0.0,boca_macro
1850 - Primavera,10,1,0.1,boca_macro
1850 - Verano,11,0,0.0,boca_macro
1851 - Invierno,15,1,0.06666666666666667,boca_macro
1851 - Otoño,7,0,0.0,boca_macro
1851 - Primavera,8,1,0.125,boca_macro
1851 - Verano,11,2,0.18181818181818182,boca_macro
1852 - Invierno,7,1,0.14285714285714285,boca_macro
1852 - Otoño,5,0,0.0,boca_macro
1852 - Primavera,11,2,0.18181818181818182,boca_macro
1852 - Verano,13,3,0.23076923076923078,boca_macro
1853 - Invierno,6,0,0.0,boca_macro
1853 - Otoño,4,0,0.0,boca_macro
1853 - Primavera,8,1,0.125,boca_macro
1853 - Verano,7,0,0.0,boca_macro
1854 - Invierno,14,0,0.0,boca_macro
1854 - Otoño,10,0,0.0,boca_macro
1854 - Primavera,12,2,0.16666666666666666,boca_macro
1854 - Verano,6,1,0.16666666666666666,boca_macro
1855 - Invierno,5,0,0.0,boca_macro
1855 - Otoño,6,1,0.16666666666666666,boca_macro
1855 - Primavera,3,0,0.0,boca_macro
1855 - Verano,9,0,0.0,boca_macro
1856 - Invierno,5,0,0.0,boca_macro
1856 - Otoño,2,0,0.0,boca_macro
1856 - Primavera,11,0,0.0,boca_macro
1856 - Verano,1,1,1.0,boca_macro
1857 - Invierno,15,0,0.0,boca_macro
1857 - Otoño,9,0,0.0,boca_macro
1857 - Primavera,8,0,0.0,boca_macro
1857 - Verano,8,0,0.0,boca_macro
1858 - Invierno,14,2,0.14285714285714285,boca_macro
1858 - Otoño,20,0,0.0,boca_macro
1858 - Primavera,18,3,0.16666666666666666,boca_macro
1858 - Verano,30,2,0.06666666666666667,boca_macro
1859 - Invierno,5,0,0.0,boca_macro
1859 - Otoño,21,6,0.2857142857142857,boca_macro
1859 - Primavera,17,4,0.23529411764705882,boca_macro
1859 - Verano,15,1,0.06666666666666667,boca_macro
1860 - Verano,1,0,0.0,boca_macro
1864 - Invierno,5,0,0.0,boca_macro
1864 - Primavera,4,0,0.0,boca_macro
1864 - Verano,6,0,0.0,boca_macro
1867 - Invierno,7,0,0.0,boca_macro
1867 - Otoño,18,0,0.0,boca_macro
1867 - Primavera,10,0,0.0,boca_macro
1867 - Verano,17,0,0.0,boca_macro
1868 - Invierno,5,0,0.0,boca_macro
1868 - Primavera,7,0,0.0,boca_macro
1868 - Verano,1,0,0.0,boca_macro
1869 - Invierno,9,0,0.0,boca_macro
1869 - Otoño,7,0,0.0,boca_macro
1869 - Primavera,8,0,0.0,boca_macro
1869 - Verano,8,0,0.0,boca_macro
1841 - Invierno,2,0,0.0,frente_macro
1841 - Primavera,1,0,0.0,frente_macro
1842 - Invierno,1,0,0.0,frente_macro
1842 - Verano,1,0,0.0,frente_macro
1843 - Invierno,3,0,0.0,frente_macro
1843 - Otoño,1,0,0.0,frente_macro
1843 - Primavera,1,0,0.0,frente_macro
1843 - Verano,2,0,0.0,frente_macro
1844 - Invierno,3,0,0.0,frente_macro
1844 - Otoño,1,0,0.0,frente_macro
1844 - Primavera,1,0,0.0,frente_macro
1844 - Verano,3,0,0.0,frente_macro
1845 - Invierno,1,0,0.0,frente_macro
1845 - Otoño,1,0,0.0,frente_macro
1845 - Primavera,3,0,0.0,frente_macro
1845 - Verano,1,0,0.0,frente_macro
1846 - Invierno,1,0,0.0,frente_macro
1846 - Otoño,2,0,0.0,frente_macro
1846 - Verano,3,0,0.0,frente_macro
1847 - Invierno,2,0,0.0,frente_macro
1847 - Otoño,2,0,0.0,frente_macro
1847 - Primavera,13,1,0.07692307692307693,frente_macro
1847 - Verano,1,0,0.0,frente_macro
1848 - Invierno,3,0,0.0,frente_macro
1848 - Otoño,1,1,1.0,frente_macro
1848 - Primavera,4,0,0.0,frente_macro
1848 - Verano,7,0,0.0,frente_macro
1849 - Invierno,3,1,0.3333333333333333,frente_macro
1849 - Otoño,4,0,0.0,frente_macro
1849 - Primavera,9,0,0.0,frente_macro
1849 - Verano,1,0,0.0,frente_macro
1850 - Invierno,3,0,0.0,frente_macro
1850 - Otoño,8,0,0.0,frente_macro
1850 - Primavera,10,1,0.1,frente_macro
1850 - Verano,11,0,0.0,frente_macro
1851 - Invierno,15,0,0.0,frente_macro
1851 - Otoño,7,0,0.0,frente_macro
1851 - Primavera,8,1,0.125,frente_macro
1851 - Verano,11,0,0.0,frente_macro
1852 - Invierno,7,0,0.0,frente_macro
1852 - Otoño,5,0,0.0,frente_macro
1852 - Primavera,11,0,0.0,frente_macro
1852 - Verano,13,1,0.07692307692307693,frente_macro
1853 - Invierno,6,0,0.0,frente_macro
1853 - Otoño,4,0,0.0,frente_macro
1853 - Primavera,8,0,0.0,frente_macro
1853 - Verano,7,0,0.0,frente_macro
1854 - Invierno,14,0,0.0,frente_macro
1854 - Otoño,10,0,0.0,frente_macro
1854 - Primavera,12,1,0.08333333333333333,frente_macro
1854 - Verano,6,1,0.16666666666666666,frente_macro
1855 - Invierno,5,0,0.0,frente_macro
1855 - Otoño,6,0,0.0,frente_macro
1855 - Primavera,3,0,0.0,frente_macro
1855 - Verano,9,0,0.0,frente_macro
1856 - Invierno,5,1,0.2,frente_macro
1856 - Otoño,2,0,0.0,frente_macro
1856 - Primavera,11,0,0.0,frente_macro
1856 - Verano,1,0,0.0,frente_macro
1857 - Invierno,15,0,0.0,frente_macro
1857 - Otoño,9,0,0.0,frente_macro
1857 - Primavera,8,0,0.0,frente_macro
1857 - Verano,8,0,0.0,frente_macro
1858 - Invierno,14,1,0.07142857142857142,frente_macro
1858 - Otoño,20,0,0.0,frente_macro
1858 - Primavera,18,1,0.05555555555555555,frente_macro
1858 - Verano,30,1,0.03333333333333333,frente_macro
1859 - Invierno,5,0,0.0,frente_macro
1859 - Otoño,21,1,0.047619047619047616,frente_macro
1859 - Primavera,17,1,0.058823529411764705,frente_macro
1859 - Verano,15,0,0.0,frente_macro
1860 - Verano,1,0,0.0,frente_macro
1864 - Invierno,5,0,0.0,frente_macro
1864 - Primavera,4,0,0.0,frente_macro
1864 - Verano,6,0,0.0,frente_macro
1867 - Invierno,7,0,0.0,frente_macro
1867 - Otoño,18,0,0.0,frente_macro
1867 - Primavera,10,0,0.0,frente_macro
1867 - Verano,17,0,0.0,frente_macro
1868 - Invierno,5,0,0.0,frente_macro
1868 - Primavera,7,0,0.0,frente_macro
1868 - Verano,1,0,0.0,frente_macro
1869 - Invierno,9,0,0.0,frente_macro
1869 - Otoño,7,0,0.0,frente_macro
1869 - Primavera,8,0,0.0,frente_macro
1869 - Verano,8,0,0.0,frente_macro
1841 - Invierno,2,0,0.0,longitud_cabello_macro
1841 - Primavera,1,0,0.0,longitud_cabello_macro
1842 - Invierno,1,0,0.0,longitud_cabello_macro
1842 - Verano,1,0,0.0,longitud_cabello_macro
1843 - Invierno,3,0,0.0,longitud_cabello_macro
1843 - Otoño,1,0,0.0,longitud_cabello_macro
1843 - Primavera,1,0,0.0,longitud_cabello_macro
1843 - Verano,2,1,0.5,longitud_cabello_macro
1844 - Invierno,3,1,0.3333333333333333,longitud_cabello_macro
1844 - Otoño,1,0,0.0,longitud_cabello_macro
1844 - Primavera,1,0,0.0,longitud_cabello_macro
1844 - Verano,3,1,0.3333333333333333,longitud_cabello_macro
1845 - Invierno,1,0,0.0,longitud_cabello_macro
1845 - Otoño,1,1,1.0,longitud_cabello_macro
1845 - Primavera,3,0,0.0,longitud_cabello_macro
1845 - Verano,1,0,0.0,longitud_cabello_macro
1846 - Invierno,1,0,0.0,longitud_cabello_macro
1846 - Otoño,2,0,0.0,longitud_cabello_macro
1846 - Verano,3,1,0.3333333333333333,longitud_cabello_macro
1847 - Invierno,2,0,0.0,longitud_cabello_macro
1847 - Otoño,2,0,0.0,longitud_cabello_macro
1847 - Primavera,13,1,0.07692307692307693,longitud_cabello_macro
1847 - Verano,1,0,0.0,longitud_cabello_macro
1848 - Invierno,3,0,0.0,longitud_cabello_macro
1848 - Otoño,1,0,0.0,longitud_cabello_macro
1848 - Primavera,4,0,0.0,longitud_cabello_macro
1848 - Verano,7,0,0.0,longitud_cabello_macro
1849 - Invierno,3,0,0.0,longitud_cabello_macro
1849 - Otoño,4,0,0.0,longitud_cabello_macro
1849 - Primavera,9,1,0.1111111111111111,longitud_cabello_macro
1849 - Verano,1,0,0.0,longitud_cabello_macro
1850 - Invierno,3,1,0.3333333333333333,longitud_cabello_macro
1850 - Otoño,8,1,0.125,longitud_cabello_macro
1850 - Primavera,10,2,0.2,longitud_cabello_macro
1850 - Verano,11,2,0.18181818181818182,longitud_cabello_macro
1851 - Invierno,15,0,0.0,longitud_cabello_macro
1851 - Otoño,7,0,0.0,longitud_cabello_macro
1851 - Primavera,8,0,0.0,longitud_cabello_macro
1851 - Verano,11,0,0.0,longitud_cabello_macro
1852 - Invierno,7,1,0.14285714285714285,longitud_cabello_macro
1852 - Otoño,5,0,0.0,longitud_cabello_macro
1852 - Primavera,11,0,0.0,longitud_cabello_macro
1852 - Verano,13,0,0.0,longitud_cabello_macro
1853 - Invierno,6,0,0.0,longitud_cabello_macro
1853 - Otoño,4,1,0.25,longitud_cabello_macro
1853 - Primavera,8,2,0.25,longitud_cabello_macro
1853 - Verano,7,0,0.0,longitud_cabello_macro
1854 - Invierno,14,5,0.35714285714285715,longitud_cabello_macro
1854 - Otoño,10,3,0.3,longitud_cabello_macro
1854 - Primavera,12,2,0.16666666666666666,longitud_cabello_macro
1854 - Verano,6,1,0.16666666666666666,longitud_cabello_macro
1855 - Invierno,5,0,0.0,longitud_cabello_macro
1855 - Otoño,6,2,0.3333333333333333,longitud_cabello_macro
1855 - Primavera,3,0,0.0,longitud_cabello_macro
1855 - Verano,9,3,0.3333333333333333,longitud_cabello_macro
1856 - Invierno,5,1,0.2,longitud_cabello_macro
1856 - Otoño,2,0,0.0,longitud_cabello_macro
1856 - Primavera,11,4,0.36363636363636365,longitud_cabello_macro
1856 - Verano,1,0,0.0,longitud_cabello_macro
1857 - Invierno,15,0,0.0,longitud_cabello_macro
1857 - Otoño,9,0,0.0,longitud_cabello_macro
1857 - Primavera,8,0,0.0,longitud_cabello_macro
1857 - Verano,8,0,0.0,longitud_cabello_macro
1858 - Invierno,14,0,0.0,longitud_cabello_macro
1858 - Otoño,20,2,0.1,longitud_cabello_macro
1858 - Primavera,18,3,0.16666666666666666,longitud_cabello_macro
1858 - Verano,30,2,0.06666666666666667,longitud_cabello_macro
1859 - Invierno,5,0,0.0,longitud_cabello_macro
1859 - Otoño,21,5,0.23809523809523808,longitud_cabello_macro
1859 - Primavera,17,4,0.23529411764705882,longitud_cabello_macro
1859 - Verano,15,5,0.3333333333333333,longitud_cabello_macro
1860 - Verano,1,0,0.0,longitud_cabello_macro
1864 - Invierno,5,0,0.0,longitud_cabello_macro
1864 - Primavera,4,0,0.0,longitud_cabello_macro
1864 - Verano,6,0,0.0,longitud_cabello_macro
1867 - Invierno,7,0,0.0,longitud_cabello_macro
1867 - Otoño,18,0,0.0,longitud_cabello_macro
1867 - Primavera,10,0,0.0,longitud_cabello_macro
1867 - Verano,17,0,0.0,longitud_cabello_macro
1868 - Invierno,5,0,0.0,longitud_cabello_macro
1868 - Primavera,7,0,0.0,longitud_cabello_macro
1868 - Verano,1,0,0.0,longitud_cabello_macro
1869 - Invierno,9,0,0.0,longitud_cabello_macro
1869 - Otoño,7,0,0.0,longitud_cabello_macro
1869 - Primavera,8,0,0.0,longitud_cabello_macro
1869 - Verano,8,0,0.0,longitud_cabello_macro
1841 - Invierno,2,0,0.0,peinado_macro
1841 - Primavera,1,0,0.0,peinado_macro
1842 - Invierno,1,0,0.0,peinado_macro
1842 - Verano,1,0,0.0,peinado_macro
1843 - Invierno,3,0,0.0,peinado_macro
1843 - Otoño,1,0,0.0,peinado_macro
1843 - Primavera,1,0,0.0,peinado_macro
1843 - Verano,2,1,0.5,peinado_macro
1844 - Invierno,3,0,0.0,peinado_macro
1844 - Otoño,1,0,0.0,peinado_macro
1844 - Primavera,1,0,0.0,peinado_macro
1844 - Verano,3,0,0.0,peinado_macro
1845 - Invierno,1,0,0.0,peinado_macro
1845 - Otoño,1,0,0.0,peinado_macro
1845 - Primavera,3,0,0.0,peinado_macro
1845 - Verano,1,0,0.0,peinado_macro
1846 - Invierno,1,0,0.0,peinado_macro
1846 - Otoño,2,0,0.0,peinado_macro
1846 - Verano,3,0,0.0,peinado_macro
1847 - Invierno,2,0,0.0,peinado_macro
1847 - Otoño,2,0,0.0,peinado_macro
1847 - Primavera,13,0,0.0,peinado_macro
1847 - Verano,1,0,0.0,peinado_macro
1848 - Invierno,3,0,0.0,peinado_macro
1848 - Otoño,1,0,0.0,peinado_macro
1848 - Primavera,4,0,0.0,peinado_macro
1848 - Verano,7,0,0.0,peinado_macro
1849 - Invierno,3,0,0.0,peinado_macro
1849 - Otoño,4,0,0.0,peinado_macro
1849 - Primavera,9,0,0.0,peinado_macro
1849 - Verano,1,0,0.0,peinado_macro
1850 - Invierno,3,0,0.0,peinado_macro
1850 - Otoño,8,0,0.0,peinado_macro
1850 - Primavera,10,0,0.0,peinado_macro
1850 - Verano,11,0,0.0,peinado_macro
1851 - Invierno,15,5,0.3333333333333333,peinado_macro
1851 - Otoño,7,1,0.14285714285714285,peinado_macro
1851 - Primavera,8,1,0.125,peinado_macro
1851 - Verano,11,2,0.18181818181818182,peinado_macro
1852 - Invierno,7,1,0.14285714285714285,peinado_macro
1852 - Otoño,5,0,0.0,peinado_macro
1852 - Primavera,11,2,0.18181818181818182,peinado_macro
1852 - Verano,13,2,0.15384615384615385,peinado_macro
1853 - Invierno,6,1,0.16666666666666666,peinado_macro
1853 - Otoño,4,1,0.25,peinado_macro
1853 - Primavera,8,2,0.25,peinado_macro
1853 - Verano,7,1,0.14285714285714285,peinado_macro
1854 - Invierno,14,1,0.07142857142857142,peinado_macro
1854 - Otoño,10,3,0.3,peinado_macro
1854 - Primavera,12,0,0.0,peinado_macro
1854 - Verano,6,1,0.16666666666666666,peinado_macro
1855 - Invierno,5,1,0.2,peinado_macro
1855 - Otoño,6,0,0.0,peinado_macro
1855 - Primavera,3,0,0.0,peinado_macro
1855 - Verano,9,0,0.0,peinado_macro
1856 - Invierno,5,0,0.0,peinado_macro
1856 - Otoño,2,0,0.0,peinado_macro
1856 - Primavera,11,0,0.0,peinado_macro
1856 - Verano,1,0,0.0,peinado_macro
1857 - Invierno,15,0,0.0,peinado_macro
1857 - Otoño,9,0,0.0,peinado_macro
1857 - Primavera,8,0,0.0,peinado_macro
1857 - Verano,8,0,0.0,peinado_macro
1858 - Invierno,14,0,0.0,peinado_macro
1858 - Otoño,20,1,0.05,peinado_macro
1858 - Primavera,18,0,0.0,peinado_macro
1858 - Verano,30,0,0.0,peinado_macro
1859 - Invierno,5,0,0.0,peinado_macro
1859 - Otoño,21,1,0.047619047619047616,peinado_macro
1859 - Primavera,17,0,0.0,peinado_macro
1859 - Verano,15,0,0.0,peinado_macro
1860 - Verano,1,0,0.0,peinado_macro
1864 - Invierno,5,0,0.0,peinado_macro
1864 - Primavera,4,0,0.0,peinado_macro
1864 - Verano,6,0,0.0,peinado_macro
1867 - Invierno,7,0,0.0,peinado_macro
1867 - Otoño,18,0,0.0,peinado_macro
1867 - Primavera,10,0,0.0,peinado_macro
1867 - Verano,17,0,0.0,peinado_macro
1868 - Invierno,5,0,0.0,peinado_macro
1868 - Primavera,7,0,0.0,peinado_macro
1868 - Verano,1,0,0.0,peinado_macro
1869 - Invierno,9,0,0.0,peinado_macro
1869 - Otoño,7,0,0.0,peinado_macro
1869 - Primavera,8,0,0.0,peinado_macro
1869 - Verano,8,0,0.0,peinado_macro
1841 - Invierno,2,0,0.0,camisa_macro
1841 - Primavera,1,0,0.0,camisa_macro
1842 - Invierno,1,0,0.0,camisa_macro
1842 - Verano,1,0,0.0,camisa_macro
1843 - Invierno,3,0,0.0,camisa_macro
1843 - Otoño,1,0,0.0,camisa_macro
1843 - Primavera,1,0,0.0,camisa_macro
1843 - Verano,2,1,0.5,camisa_macro
1844 - Invierno,3,0,0.0,camisa_macro
1844 - Otoño,1,0,0.0,camisa_macro
1844 - Primavera,1,0,0.0,camisa_macro
1844 - Verano,3,2,0.6666666666666666,camisa_macro
1845 - Invierno,1,0,0.0,camisa_macro
1845 - Otoño,1,1,1.0,camisa_macro
1845 - Primavera,3,2,0.6666666666666666,camisa_macro
1845 - Verano,1,0,0.0,camisa_macro
1846 - Invierno,1,0,0.0,camisa_macro
1846 - Otoño,2,0,0.0,camisa_macro
1846 - Verano,3,0,0.0,camisa_macro
1847 - Invierno,2,1,0.5,camisa_macro
1847 - Otoño,2,0,0.0,camisa_macro
1847 - Primavera,13,3,0.23076923076923078,camisa_macro
1847 - Verano,1,1,1.0,camisa_macro
1848 - Invierno,3,2,0.6666666666666666,camisa_macro
1848 - Otoño,1,0,0.0,camisa_macro
1848 - Primavera,4,0,0.0,camisa_macro
1848 - Verano,7,3,0.42857142857142855,camisa_macro
1849 - Invierno,3,0,0.0,camisa_macro
1849 - Otoño,4,2,0.5,camisa_macro
1849 - Primavera,9,1,0.1111111111111111,camisa_macro
1849 - Verano,1,0,0.0,camisa_macro
1850 - Invierno,3,1,0.3333333333333333,camisa_macro
1850 - Otoño,8,4,0.5,camisa_macro
1850 - Primavera,10,4,0.4,camisa_macro
1850 - Verano,11,9,0.8181818181818182,camisa_macro
1851 - Invierno,15,7,0.4666666666666667,camisa_macro
1851 - Otoño,7,2,0.2857142857142857,camisa_macro
1851 - Primavera,8,3,0.375,camisa_macro
1851 - Verano,11,3,0.2727272727272727,camisa_macro
1852 - Invierno,7,5,0.7142857142857143,camisa_macro
1852 - Otoño,5,2,0.4,camisa_macro
1852 - Primavera,11,3,0.2727272727272727,camisa_macro
1852 - Verano,13,3,0.23076923076923078,camisa_macro
1853 - Invierno,6,2,0.3333333333333333,camisa_macro
1853 - Otoño,4,1,0.25,camisa_macro
1853 - Primavera,8,1,0.125,camisa_macro
1853 - Verano,7,1,0.14285714285714285,camisa_macro
1854 - Invierno,14,5,0.35714285714285715,camisa_macro
1854 - Otoño,10,3,0.3,camisa_macro
1854 - Primavera,12,2,0.16666666666666666,camisa_macro
1854 - Verano,6,2,0.3333333333333333,camisa_macro
1855 - Invierno,5,1,0.2,camisa_macro
1855 - Otoño,6,3,0.5,camisa_macro
1855 - Primavera,3,0,0.0,camisa_macro
1855 - Verano,9,3,0.3333333333333333,camisa_macro
1856 - Invierno,5,0,0.0,camisa_macro
1856 - Otoño,2,0,0.0,camisa_macro
1856 - Primavera,11,0,0.0,camisa_macro
1856 - Verano,1,0,0.0,camisa_macro
1857 - Invierno,15,0,0.0,camisa_macro
1857 - Otoño,9,0,0.0,camisa_macro
1857 - Primavera,8,0,0.0,camisa_macro
1857 - Verano,8,0,0.0,camisa_macro
1858 - Invierno,14,4,0.2857142857142857,camisa_macro
1858 - Otoño,20,7,0.35,camisa_macro
1858 - Primavera,18,1,0.05555555555555555,camisa_macro
1858 - Verano,30,3,0.1,camisa_macro
1859 - Invierno,5,3,0.6,camisa_macro
1859 - Otoño,21,4,0.19047619047619047,camisa_macro
1859 - Primavera,17,7,0.4117647058823529,camisa_macro
1859 - Verano,15,5,0.3333333333333333,camisa_macro
1860 - Verano,1,0,0.0,camisa_macro
1864 - Invierno,5,0,0.0,camisa_macro
1864 - Primavera,4,0,0.0,camisa_macro
1864 - Verano,6,0,0.0,camisa_macro
1867 - Invierno,7,0,0.0,camisa_macro
1867 - Otoño,18,0,0.0,camisa_macro
1867 - Primavera,10,0,0.0,camisa_macro
1867 - Verano,17,0,0.0,camisa_macro
1868 - Invierno,5,0,0.0,camisa_macro
1868 - Primavera,7,0,0.0,camisa_macro
1868 - Verano,1,0,0.0,camisa_macro
1869 - Invierno,9,0,0.0,camisa_macro
1869 - Otoño,7,0,0.0,camisa_macro
1869 - Primavera,8,0,0.0,camisa_macro
1869 - Verano,8,0,0.0,camisa_macro
1841 - Invierno,2,0,0.0,pantalon_macro
1841 - Primavera,1,0,0.0,pantalon_macro
1842 - Invierno,1,0,0.0,pantalon_macro
1842 - Verano,1,0,0.0,pantalon_macro
1843 - Invierno,3,0,0.0,pantalon_macro
1843 - Otoño,1,0,0.0,pantalon_macro
1843 - Primavera,1,0,0.0,pantalon_macro
1843 - Verano,2,1,0.5,pantalon_macro
1844 - Invierno,3,0,0.0,pantalon_macro
1844 - Otoño,1,0,0.0,pantalon_macro
1844 - Primavera,1,0,0.0,pantalon_macro
1844 - Verano,3,1,0.3333333333333333,pantalon_macro
1845 - Invierno,1,0,0.0,pantalon_macro
1845 - Otoño,1,0,0.0,pantalon_macro
1845 - Primavera,3,1,0.3333333333333333,pantalon_macro
1845 - Verano,1,1,1.0,pantalon_macro
1846 - Invierno,1,0,0.0,pantalon_macro
1846 - Otoño,2,0,0.0,pantalon_macro
1846 - Verano,3,0,0.0,pantalon_macro
1847 - Invierno,2,1,0.5,pantalon_macro
1847 - Otoño,2,0,0.0,pantalon_macro
1847 - Primavera,13,2,0.15384615384615385,pantalon_macro
1847 - Verano,1,0,0.0,pantalon_macro
1848 - Invierno,3,0,0.0,pantalon_macro
1848 - Otoño,1,0,0.0,pantalon_macro
1848 - Primavera,4,1,0.25,pantalon_macro
1848 - Verano,7,4,0.5714285714285714,pantalon_macro
1849 - Invierno,3,1,0.3333333333333333,pantalon_macro
1849 - Otoño,4,0,0.0,pantalon_macro
1849 - Primavera,9,2,0.2222222222222222,pantalon_macro
1849 - Verano,1,0,0.0,pantalon_macro
1850 - Invierno,3,0,0.0,pantalon_macro
1850 - Otoño,8,1,0.125,pantalon_macro
1850 - Primavera,10,2,0.2,pantalon_macro
1850 - Verano,11,2,0.18181818181818182,pantalon_macro
1851 - Invierno,15,4,0.26666666666666666,pantalon_macro
1851 - Otoño,7,0,0.0,pantalon_macro
1851 - Primavera,8,2,0.25,pantalon_macro
1851 - Verano,11,3,0.2727272727272727,pantalon_macro
1852 - Invierno,7,3,0.42857142857142855,pantalon_macro
1852 - Otoño,5,0,0.0,pantalon_macro
1852 - Primavera,11,2,0.18181818181818182,pantalon_macro
1852 - Verano,13,0,0.0,pantalon_macro
1853 - Invierno,6,0,0.0,pantalon_macro
1853 - Otoño,4,2,0.5,pantalon_macro
1853 - Primavera,8,2,0.25,pantalon_macro
1853 - Verano,7,3,0.42857142857142855,pantalon_macro
1854 - Invierno,14,3,0.21428571428571427,pantalon_macro
1854 - Otoño,10,2,0.2,pantalon_macro
1854 - Primavera,12,3,0.25,pantalon_macro
1854 - Verano,6,1,0.16666666666666666,pantalon_macro
1855 - Invierno,5,2,0.4,pantalon_macro
1855 - Otoño,6,2,0.3333333333333333,pantalon_macro
1855 - Primavera,3,0,0.0,pantalon_macro
1855 - Verano,9,3,0.3333333333333333,pantalon_macro
1856 - Invierno,5,0,0.0,pantalon_macro
1856 - Otoño,2,0,0.0,pantalon_macro
1856 - Primavera,11,3,0.2727272727272727,pantalon_macro
1856 - Verano,1,0,0.0,pantalon_macro
1857 - Invierno,15,0,0.0,pantalon_macro
1857 - Otoño,9,0,0.0,pantalon_macro
1857 - Primavera,8,0,0.0,pantalon_macro
1857 - Verano,8,0,0.0,pantalon_macro
1858 - Invierno,14,3,0.21428571428571427,pantalon_macro
1858 - Otoño,20,0,0.0,pantalon_macro
1858 - Primavera,18,0,0.0,pantalon_macro
1858 - Verano,30,0,0.0,pantalon_macro
1859 - Invierno,5,2,0.4,pantalon_macro
1859 - Otoño,21,4,0.19047619047619047,pantalon_macro
1859 - Primavera,17,4,0.23529411764705882,pantalon_macro
1859 - Verano,15,0,0.0,pantalon_macro
1860 - Verano,1,0,0.0,pantalon_macro
1864 - Invierno,5,0,0.0,pantalon_macro
1864 - Primavera,4,0,0.0,pantalon_macro
1864 - Verano,6,0,0.0,pantalon_macro
1867 - Invierno,7,0,0.0,pantalon_macro
1867 - Otoño,18,0,0.0,pantalon_macro
1867 - Primavera,10,0,0.0,pantalon_macro
1867 - Verano,17,0,0.0,pantalon_macro
1868 - Invierno,5,0,0.0,pantalon_macro
1868 - Primavera,7,0,0.0,pantalon_macro
1868 - Verano,1,0,0.0,pantalon_macro
1869 - Invierno,9,0,0.0,pantalon_macro
1869 - Otoño,7,0,0.0,pantalon_macro
1869 - Primavera,8,0,0.0,pantalon_macro
1869 - Verano,8,0,0.0,pantalon_macro
1841 - Invierno,2,2,1.0,color_piel_macro
1841 - Primavera,1,0,0.0,color_piel_macro
1842 - Invierno,1,0,0.0,color_piel_macro
1842 - Verano,1,0,0.0,color_piel_macro
1843 - Invierno,3,3,1.0,color_piel_macro
1843 - Otoño,1,1,1.0,color_piel_macro
1843 - Primavera,1,1,1.0,color_piel_macro
1843 - Verano,2,2,1.0,color_piel_macro
1844 - Invierno,3,3,1.0,color_piel_macro
1844 - Otoño,1,1,1.0,color_piel_macro
1844 - Primavera,1,0,0.0,color_piel_macro
1844 - Verano,3,3,1.0,color_piel_macro
1845 - Invierno,1,0,0.0,color_piel_macro
1845 - Otoño,1,1,1.0,color_piel_macro
1845 - Primavera,3,3,1.0,color_piel_macro
1845 - Verano,1,0,0.0,color_piel_macro
1846 - Invierno,1,1,1.0,color_piel_macro
1846 - Otoño,2,2,1.0,color_piel_macro
1846 - Verano,3,2,0.6666666666666666,color_piel_macro
1847 - Invierno,2,2,1.0,color_piel_macro
1847 - Otoño,2,2,1.0,color_piel_macro
1847 - Primavera,13,9,0.6923076923076923,color_piel_macro
1847 - Verano,1,0,0.0,color_piel_macro
1848 - Invierno,3,2,0.6666666666666666,color_piel_macro
1848 - Otoño,1,1,1.0,color_piel_macro
1848 - Primavera,4,3,0.75,color_piel_macro
1848 - Verano,7,4,0.5714285714285714,color_piel_macro
1849 - Invierno,3,1,0.3333333333333333,color_piel_macro
1849 - Otoño,4,3,0.75,color_piel_macro
1849 - Primavera,9,9,1.0,color_piel_macro
1849 - Verano,1,1,1.0,color_piel_macro
1850 - Invierno,3,2,0.6666666666666666,color_piel_macro
1850 - Otoño,8,8,1.0,color_piel_macro
1850 - Primavera,10,7,0.7,color_piel_macro
1850 - Verano,11,9,0.8181818181818182,color_piel_macro
1851 - Invierno,15,12,0.8,color_piel_macro
1851 - Otoño,7,6,0.8571428571428571,color_piel_macro
1851 - Primavera,8,6,0.75,color_piel_macro
1851 - Verano,11,10,0.9090909090909091,color_piel_macro
1852 - Invierno,7,7,1.0,color_piel_macro
1852 - Otoño,5,4,0.8,color_piel_macro
1852 - Primavera,11,10,0.9090909090909091,color_piel_macro
1852 - Verano,13,8,0.6153846153846154,color_piel_macro
1853 - Invierno,6,6,1.0,color_piel_macro
1853 - Otoño,4,3,0.75,color_piel_macro
1853 - Primavera,8,7,0.875,color_piel_macro
1853 - Verano,7,4,0.5714285714285714,color_piel_macro
1854 - Invierno,14,11,0.7857142857142857,color_piel_macro
1854 - Otoño,10,9,0.9,color_piel_macro
1854 - Primavera,12,10,0.8333333333333334,color_piel_macro
1854 - Verano,6,5,0.8333333333333334,color_piel_macro
1855 - Invierno,5,5,1.0,color_piel_macro
1855 - Otoño,6,6,1.0,color_piel_macro
1855 - Primavera,3,3,1.0,color_piel_macro
1855 - Verano,9,7,0.7777777777777778,color_piel_macro
1856 - Invierno,5,5,1.0,color_piel_macro
1856 - Otoño,2,1,0.5,color_piel_macro
1856 - Primavera,11,8,0.7272727272727273,color_piel_macro
1856 - Verano,1,1,1.0,color_piel_macro
1857 - Invierno,15,0,0.0,color_piel_macro
1857 - Otoño,9,0,0.0,color_piel_macro
1857 - Primavera,8,0,0.0,color_piel_macro
1857 - Verano,8,0,0.0,color_piel_macro
1858 - Invierno,14,13,0.9285714285714286,color_piel_macro
1858 - Otoño,20,16,0.8,color_piel_macro
1858 - Primavera,18,9,0.5,color_piel_macro
1858 - Verano,30,9,0.3,color_piel_macro
1859 - Invierno,5,4,0.8,color_piel_macro
1859 - Otoño,21,20,0.9523809523809523,color_piel_macro
1859 - Primavera,17,10,0.5882352941176471,color_piel_macro
1859 - Verano,15,10,0.6666666666666666,color_piel_macro
1860 - Verano,1,0,0.0,color_piel_macro
1864 - Invierno,5,0,0.0,color_piel_macro
1864 - Primavera,4,0,0.0,color_piel_macro
1864 - Verano,6,0,0.0,color_piel_macro
1867 - Invierno,7,0,0.0,color_piel_macro
1867 - Otoño,18,0,0.0,color_piel_macro
1867 - Primavera,10,0,0.0,color_piel_macro
1867 - Verano,17,0,0.0,color_piel_macro
1868 - Invierno,5,0,0.0,color_piel_macro
1868 - Primavera,7,0,0.0,color_piel_macro
1868 - Verano,1,0,0.0,color_piel_macro
1869 - Invierno,9,0,0.0,color_piel_macro
1869 - Otoño,7,0,0.0,color_piel_macro
1869 - Primavera,8,0,0.0,color_piel_macro
1869 - Verano,8,0,0.0,color_piel_macro
