variable,media_pub_presente,media_pub_ausente,dif,n_presente,n_ausente
peinado_macro,2.5,1.8849557522123894,0.6150442477876106,28,565
edad_num,1.9337016574585635,1.7,0.23370165745856353,543,50
boca_macro,2.090909090909091,1.8998178506375227,0.1910912402715681,44,549
ojos_macro,1.8,1.9357429718875503,-0.13574297188755025,95,498
cara_macro,1.7686567164179106,1.9564270152505447,-0.18777029883263419,134,459
nariz_macro,1.7553191489361701,1.9438877755511021,-0.188568626614932,94,499
longitud_cabello_macro,1.728813559322034,1.9344569288389513,-0.2056433695169173,59,534
camisa_macro,1.7235772357723578,1.9638297872340424,-0.24025255146168467,123,470
pantalon_macro,1.6849315068493151,1.9461538461538461,-0.261222339304531,73,520
frente_macro,1.6428571428571428,1.920552677029361,-0.27769553417221826,14,579
estatura_macro,1.515625,1.9621928166351608,-0.44656781663516076,64,529
complexion_macro,1.5217391304347827,1.9860279441117765,-0.4642888136769938,92,501
color_piel_macro,1.6666666666666667,2.230769230769231,-0.5641025641025641,333,260
