numero_edicion_fuente,numero_pagina_fuente,fecha
79,1,1839-08-09
436,4,1840-10-30
437,4,1840-10-31
438,4,1840-11-02
439,4,1840-11-03
440,4,1840-11-04
441,4,1840-11-05
442,4,1840-11-06
443,4,1840-11-07
445,4,1840-11-09
446,4,1840-11-10
447,4,1840-11-11
697,4,1841-09-27
698,4,1841-09-28
699,4,1841-09-29
670,4,1841-09-30
701,4,1841-10-01
702,4,1841-10-02
703,4,1841-10-04
704,4,1841-10-05
705,4,1841-10-06
706,1,1841-10-07
707,1,1841-10-08
708,4,1841-10-09
709,1,1841-10-11
710,4,1841-10-12
711,1,1841-10-13
712,4,1841-10-14
713,6,1841-10-15
662,8,1841-08-14
664,4,1841-08-17
668,4,1841-08-21
669,4,1841-08-23
703,6,1841-10-04
966,6,1842-08-24
1003,4,1842-10-14
1004,4,1842-10-15
1005,1,1842-10-17
1042,4,1842-12-01
1043,6,1842-12-02
1059,1,1842-12-23
1060,1,1842-12-24
1062,4,1842-12-28
1063,4,1842-12-29
1064,1,1842-12-30
1062,1,1842-12-28
1071,4,1843-01-07
1072,4,1843-01-09
1073,4,1843-01-10
1181,6,1843-05-20
1182,1,1843-05-22
1183,6,1843-05-23
1184,6,1843-05-24
1186,4,1843-05-26
1223,6,1843-07-11
1224,4,1843-07-12
1225,4,1843-07-13
1249,6,1843-08-10
1250,4,1843-08-11
1251,4,1843-08-12
1326,6,1843-11-10
1327,8,1843-11-11
1328,8,1843-11-13
1329,6,1843-11-14
1330,6,1843-11-15
1331,6,1843-11-16
1353,4,1843-12-14
1354,4,1843-12-15
1355,5,1843-12-16
1376,4,1844-01-13
1377,4,1844-01-15
1378,4,1844-01-16
1410,1,1844-02-26
1411,4,1844-02-27
1412,1,1844-02-28
1435,1,1844-03-28
1448,4,1844-04-16
1449,1,1844-04-17
1450,4,1844-04-18
1451,6,1844-04-19
1452,6,1844-04-20
1453,6,1844-04-21
1454,6,1844-04-23
1512,8,1844-07-03
1514,1,1844-07-05
1515,1,1844-07-06
1532,4,1844-07-24
1534,4,1844-07-26
1536,1,1844-07-30
1537,4,1844-07-31
1538,4,1844-08-01
1539,6,
1600,6,
1601,8,1844-10-16
1601,8,
1648,8,1844-12-06
1649,6,1844-12-07
1651,1,1844-12-10
1652,1,1844-12-11
1653,6,1844-12-12
1664,5,1844-12-24
1665,8,1844-12-27
1666,8,1844-12-28
1668,8,1844-12-30
1669,8,1844-12-31
1695,8,1845-01-31
1703,6,1845-02-12
1705,5,1845-02-14
1770,10,1845-05-02
1771,8,1845-05-03
1808,1,1845-06-18
1809,8,1845-06-19
1900,6,1845-10-08
1901,6,1845-10-09
1902,1,1845-10-10
1929,8,1845-11-12
1930,6,1845-11-13
1931,6,1845-11-14
1945,4,1845-11-29
1972,1,1846-01-05
1973,1,1846-01-07
1974,1,1846-01-08
2045,4,1846-04-07
2061,4,1846-04-29
2062,1,1846-04-30
2109,4,1846-06-30
2110,1,1846-07-01
2111,1,1846-07-02
2246,1,1846-12-11
2247,1,1846-12-12
2248,1,1846-12-14
2253,4,1846-12-19
2254,4,1846-12-21
2311,1,1847-03-05
2312,1,1847-03-06
2324,1,1847-03-22
2325,3,1847-03-23
2330,1,1847-03-30
2399,1,1847-06-25
2436,1,1847-08-09
2437,1,1847-08-10
2441,1,1847-08-14
2464,1,1847-09-13
2465,1,1847-09-14
2469,1,1847-09-18
2471,1,1847-09-21
2473,1,1847-09-23
2486,1,1847-10-09
2487,1,1847-10-11
2489,1,1847-10-13
2490,1,1847-10-14
2500,1,1847-10-26
2501,1,1847-10-27
2502,1,1847-10-28
2504,1,1847-10-30
2505,1,1847-11-02
2505,1,1847-11-02
2506,4,1847-11-03
2506,1,1847-11-03
2507,1,1847-11-04
2508,1,1847-11-05
2506,1,1847-11-03
2511,1,1847-11-08
2512,1,1847-11-09
2513,1,1847-11-10
2506,1,1847-11-03
2507,1,1847-11-04
2523,1,1847-11-22
2540,1,1847-12-13
2541,1,1847-12-14
2557,1,1848-01-04
2564,1,1848-01-11
2565,1,1848-01-12
2566,4,1848-01-13
2567,4,1848-01-14
2568,4,1848-01-15
2572,1,1848-01-20
2590,1,
2591,1,1848-02-12
2592,1,1848-02-14
2593,1,1848-02-15
2592,1,1848-02-14
2594,1,1848-02-16
2595,1,1848-02-17
2596,1,1848-02-18
2597,1,1848-02-19
2599,1,1848-02-22
2601,1,1848-02-24
2602,1,1848-02-25
2603,4,1848-02-26
2605,4,1848-02-29
2606,1,1848-03-01
2607,1,
2608,1,1848-03-03
2606,4,1848-03-01
2607,4,1848-03-02
2608,4,
2682,1,1848-06-05
2683,1,1848-06-06
2684,1,1848-06-07
2685,1,1848-06-08
2686,1,1848-06-09
2687,1,1848-06-10
2717,1,1848-07-20
2720,1,1848-07-24
2721,1,1848-07-26
2722,4,1848-07-27
2720,1,1848-07-24
2744,1,1848-08-22
2759,4,1848-09-09
2760,1,1848-09-10
2761,1,1848-09-12
2763,1,1848-09-14
2764,1,1848-09-15
2790,1,1848-10-16
2793,1,1848-10-19
2794,1,1848-10-20
2795,1,1848-10-21
2806,1,1848-11-04
2807,1,1848-11-06
2808,4,1848-11-07
2834,4,1848-12-07
2835,1,1848-12-09
2837,1,1848-12-11
2838,1,1848-12-12
2839,1,1848-12-13
2871,1,1849-01-24
2905,1,1849-03-08
2906,1,1849-03-09
2905,1,1849-03-08
2906,1,1849-03-09
2907,1,1849-03-10
2919,1,1849-03-24
2920,1,1849-03-26
2934,1,1849-04-13
2935,1,1849-04-14
2936,1,1849-04-16
2968,1,1849-05-24
2969,1,1849-05-25
2971,4,1849-05-29
2979,1,1849-06-08
2980,1,1849-06-09
2981,1,
2982,1,1849-06-12
2993,1,
2995,1,1849-06-27
3001,1,1849-07-05
3002,1,1849-07-06
3003,1,1849-07-07
3004,1,
3006,1,1849-07-11
3014,1,1849-07-20
3023,1,1849-08-01
3024,1,1849-08-02
3025,1,1849-08-03
3056,1,1849-09-11
3058,1,1849-09-13
3059,1,1849-09-14
3060,1,1849-09-15
3073,1,1849-10-02
3074,1,1849-10-03
3075,1,1849-10-04
3076,1,1849-10-05
3077,1,1849-10-06
3073,1,1849-10-02
3074,1,1849-10-03
3075,1,1849-10-04
3076,1,1849-10-05
3077,1,1849-10-06
3078,1,1849-10-08
3077,1,1849-10-06
3076,1,1849-10-05
3078,1,1849-10-08
3082,1,1849-10-12
3083,1,1849-10-13
3084,1,1849-10-14
3102,1,1849-11-06
3107,1,1849-11-12
3148,1,1850-01-02
3168,1,1850-01-25
3169,1,1850-01-26
3170,1,1850-01-28
3171,1,1850-01-29
3172,1,1850-01-30
3173,1,1850-01-31
3174,1,1850-02-01
3179,1,1850-02-08
3181,1,1850-02-13
3182,1,1850-02-14
3184,1,1850-02-16
3222,1,1850-04-08
3223,1,1850-04-09
3237,1,1850-04-25
3239,1,1850-04-27
3242,1,1850-05-01
3243,1,1850-05-02
3246,1,1850-05-06
3247,1,
3248,1,1850-05-08
3249,4,1850-05-10
3256,1,1850-05-18
3257,1,1850-05-21
3257,1,1850-05-21
3259,4,1850-05-23
3259,4,1850-05-23
3261,1,1850-05-25
3263,4,1850-05-28
3265,1,1850-05-31
3266,1,1850-06-01
3267,1,1850-06-03
3268,1,1850-06-04
3269,1,1850-06-05
3270,1,1850-06-06
3285,1,1850-06-25
3286,1,1850-06-26
3287,1,1850-06-27
3288,1,1850-06-28
3297,1,1850-07-10
3305,1,1850-07-19
3306,1,1850-07-20
3307,1,1850-07-22
3308,1,1850-07-23
3309,1,1850-07-24
3310,1,1850-07-25
3312,1,1850-07-27
3313,1,1850-07-29
3314,1,1850-07-30
3315,1,1850-07-31
3316,1,1850-08-01
3321,4,1850-08-07
3322,1,1850-08-08
3342,1,1850-09-03
3343,4,1850-09-04
3350,1,1850-09-11
3350,1,1850-09-11
3355,1,1850-09-17
3356,1,1850-09-18
3358,1,1850-09-20
3362,1,1850-09-25
3363,1,1850-09-26
3364,1,1850-09-27
3384,1,1850-09-27
3370,1,1850-10-04
3376,1,1850-10-10
3388,1,1850-10-23
3389,1,1850-10-24
3423,1,1850-12-04
3424,1,1850-12-05
3425,1,1850-12-06
3435,4,1850-12-19
3437,1,1850-12-21
3440,1,1850-12-27
3441,1,1850-12-28
3442,1,1850-12-30
3443,1,1850-12-31
3454,1,1851-01-13
3487,1,1851-02-20
3488,1,1851-02-21
3489,1,1851-02-22
3490,1,1851-02-24
3491,1,1851-02-25
3492,1,1851-02-26
3493,4,1851-02-27
3494,1,1851-02-28
3496,1,1851-03-05
3497,1,1851-03-06
3510,1,1851-03-22
3511,1,1851-03-24
3512,1,1851-03-26
3529,1,1851-04-15
3540,4,1851-05-01
3542,1,1851-05-03
3543,1,1851-05-05
3544,1,1851-05-06
3545,1,1851-05-07
3551,1,1851-05-14
3552,1,1851-05-15
3553,1,1851-05-16
3554,1,1851-05-17
3573,1,1851-06-11
3574,1,1851-06-12
3576,1,1851-06-14
3583,1,1851-06-25
3610,1,1851-07-25
3589,1,1851-07-02
3590,1,1851-07-03
3591,1,1851-07-04
3592,1,1851-07-05
3608,1,1851-07-23
3609,1,1851-07-24
3610,1,1851-07-25
3618,1,1851-08-05
3619,1,1851-08-06
3620,1,1851-08-07
3622,1,1851-08-09
3623,1,1851-08-11
3624,1,1851-08-12
3625,1,1851-08-13
3626,1,1851-08-14
3627,1,1851-08-16
3628,1,1851-08-18
3630,1,1851-08-20
3648,1,1851-09-11
3649,1,1851-09-12
3650,1,1851-09-13
3660,1,1851-09-26
3663,1,1851-09-30
3682,1,1851-10-21
3683,1,1851-10-22
3689,1,1851-10-23
3690,1,1851-10-24
3720,1,1851-12-05
3723,1,1851-12-10
3723,2,1851-12-10
3724,1,1851-12-11
3725,4,1851-12-12
3735,1,1851-12-24
3736,1,1851-12-27
3737,1,1851-12-29
3738,1,1851-12-30
3739,1,1851-12-31
3740,1,1852-01-02
3743,1,1852-01-05
3768,1,1852-02-05
3769,1,1852-02-06
3770,1,1852-02-07
3772,1,1852-02-10
3773,1,1852-02-11
3774,1,1852-02-12
3776,1,1852-02-14
3775,1,1852-02-13
3778,1,1852-02-17
3779,4,1852-02-18
3777,1,1852-02-16
3782,1,1852-02-21
3783,1,1852-02-25
3791,1,1852-03-05
3796,1,1852-03-11
3828,1,1852-04-22
3832,1,1852-04-27
3843,1,1852-05-10
3845,1,1852-05-12
3850,1,1852-05-18
3851,1,1852-05-19
3860,1,1852-06-01
3861,1,1852-06-02
3862,1,1852-06-03
3868,1,1852-06-11
3878,1,1852-06-23
3879,1,1852-06-25
3887,1,1852-07-06
3895,1,1852-07-15
3896,1,1852-07-16
3897,1,1852-07-17
3898,1,1852-07-19
3899,1,1852-07-20
3900,1,1852-07-21
3902,1,1852-07-23
3903,1,1852-07-24
3904,1,1852-07-26
3905,1,1852-07-27
3906,1,1852-07-29
3907,1,1852-07-30
3909,1,1852-08-02
3918,1,1852-08-12
3937,1,1852-09-04
3941,1,1852-09-10
3943,1,1852-09-13
3944,1,1852-09-14
3945,1,1852-09-15
3950,1,1852-09-21
3951,1,1852-09-22
3956,1,1852-09-29
3962,1,1852-10-06
3963,1,1852-10-07
3964,1,1852-10-08
3981,1,1852-10-27
3983,1,1852-10-29
3984,1,1852-10-30
3986,1,1852-11-02
3990,1,1852-11-06
3991,1,1852-11-08
3993,1,1852-11-10
4015,1,1852-12-06
4026,1,1852-12-21
4027,1,1852-12-22
4037,1,1853-01-05
4045,1,1853-01-15
4046,1,1853-01-17
4043,1,1853-01-13
4088,1,1853-03-10
4107,1,1853-04-07
4137,1,1853-05-12
4150,1,1853-05-30
4169,1,1853-06-21
4170,1,1853-06-22
4179,1,1853-07-05
4187,1,1853-07-14
4190,1,1853-07-18
4192,1,1853-07-20
4218,1,1853-08-19
4242,1,1853-09-19
4243,1,1853-09-20
4244,1,1853-09-21
4245,1,1853-09-22
4269,1,1853-10-20
4284,1,1853-11-07
4286,1,1853-11-09
4296,1,1853-11-22
4310,1,1853-12-10
4311,1,1853-12-12
4295,1,1853-11-21
4321,1,1853-12-23
4323,1,1853-12-27
4325,1,1853-12-29
4326,1,1853-12-30
4327,1,1853-12-31
4326,6,1853-12-30
4341,1,1854-01-18
4342,1,1854-01-19
4343,1,1854-01-20
4344,1,1854-01-21
4346,1,1854-01-24
4349,1,1854-01-27
4350,1,1854-01-28
4358,1,1854-02-08
4359,1,1854-02-09
4364,1,1854-02-15
4388,1,1854-03-17
4391,1,1854-03-21
4392,1,1854-03-22
4400,1,1854-04-01
4401,1,1854-04-03
4402,1,1854-04-04
4406,1,1854-04-08
4407,4,1854-04-10
4408,1,1854-04-11
4409,1,1854-04-12
4403,1,1854-04-03
4405,1,1854-04-07
4406,4,1854-04-08
4418,1,1854-04-26
4419,1,1854-04-27
4420,1,1854-04-28
4440,1,1854-05-20
4448,1,1854-05-24
4454,1,1854-06-08
4455,1,1854-06-09
4457,1,1854-06-12
4456,1,1854-06-10
4458,1,1854-06-13
4460,1,1854-06-18
4461,1,1854-06-17
4464,4,1854-06-21
4464,1,1854-06-21
4464,1,1854-06-21
4486,1,1854-07-17
4486,1,1854-07-17
4488,1,1854-07-19
4488,1,1854-07-19
4493,1,1854-07-25
4501,1,1854-08-03
4514,1,1854-08-19
4515,1,1854-08-20
4516,1,1854-08-22
4525,1,1854-09-02
4527,1,1854-09-05
4529,1,1854-09-07
4547,1,1854-09-28
4547,1,1854-09-28
4549,1,1854-09-30
4556,1,1854-10-09
4559,1,1854-10-12
4573,1,1854-10-28
4577,1,1854-11-03
4589,1,1854-11-17
4591,1,1854-11-20
4594,1,1854-11-23
4605,1,1854-12-06
4632,1,1855-01-10
4634,1,1855-01-12
4637,1,1855-01-16
4639,1,1855-01-18
4642,1,1855-01-22
4642,1,1855-01-22
4655,1,1855-02-07
4655,4,1855-02-07
4662,1,1855-02-14
4678,1,1855-03-06
4695,1,1855-03-26
4695,1,1855-03-26
4697,4,1855-03-28
4732,1,1855-05-09
4741,1,1855-05-21
4751,1,1855-06-02
4756,1,1855-06-09
4760,1,1855-06-14
4783,1,1855-07-11
4784,1,1855-07-12
4826,1,1855-09-01
4839,3,1855-09-18
4876,1,1855-10-31
4927,1,1856-01-02
5001,1,1856-04-04
5042,1,1856-05-24
5054,1,1856-06-06
5054,1,1856-06-06
5072,1,1856-06-28
5097,1,1856-07-29
5111,1,1856-08-13
5126,1,1856-09-01
5126,1,1856-09-01
5126,1,1856-09-01
5126,1,1856-09-01
5127,1,1856-09-02
5128,1,1856-09-03
5144,1,1856-09-23
5147,2,1856-09-27
5197,1,1856-11-24
5199,1,1856-11-26
5199,1,1850-11-26
5230,1,1857-01-03
5253,1,1857-01-28
5262,1,1857-02-09
5264,1,1857-02-11
5276,1,1857-02-27
5279,1,1857-03-03
5290,1,1857-03-16
5292,1,1857-03-18
5310,1,1857-04-08
5330,1,1857-05-02
5330,1,1857-05-02
5333,1,1857-05-06
5340,1,1857-05-14
5341,1,1857-05-13
5345,4,1857-05-19
5355,1,1857-06-02
5356,1,1857-06-03
5381,1,1857-07-03
5382,1,1857-07-04
5382,1,1857-07-04
5384,4,1857-07-07
5384,2,1857-07-07
5387,4,1857-07-10
5390,1,1857-07-13
5392,2,1857-07-15
5392,4,1857-07-15
5404,1,1857-07-29
5408,1,1857-07-31
5408,2,1857-07-31
5410,1,1857-08-05
5407,1,1857-08-01
5408,1,1857-08-03
5409,1,1857-08-04
5410,4,1857-08-05
5412,4,1857-08-07
5419,1,1857-08-14
5433,2,1857-08-31
5434,1,1857-09-01
5435,1,1857-09-02
5436,1,1857-09-03
5437,1,1857-09-04
5440,1,1857-09-07
5444,4,1857-09-12
5443,1,1857-09-11
5460,1,1857-10-11
5485,1,1857-10-27
5486,1,1857-10-28
5488,1,1857-10-30
5501,1,1857-11-14
5501,1,1857-11-30
5518,1,1857-12-03
5531,1,1857-12-18
5534,1,1857-12-22
5534,1,1857-12-22
5536,4,1857-12-24
5544,1,1858-01-04
5544,1,1858-01-04
5545,1,1858-01-05
5545,4,1858-01-05
5545,4,1858-01-05
5545,1,1858-01-05
5546,1,1858-01-07
5547,1,1858-01-08
5547,1,1858-01-08
5546,1,1858-01-07
5547,1,1858-01-08
5547,2,1858-01-08
5551,4,1858-01-12
5551,1,1858-01-13
5551,2,1858-01-13
5550,4,1858-01-11
5551,4,1858-01-12
5551,2,1858-01-13
5551,4,1858-01-12
5551,1,1851-01-13
5548,1,1858-01-09
5558,1,1858-01-13
5550,1,1858-01-11
5551,1,1858-01-12
5551,1,1858-01-13
5551,1,1858-01-12
5551,1,1858-01-13
5551,1,1858-01-14
5555,1,1858-01-15
5555,3,1858-01-15
5555,1,1858-01-15
5555,4,1858-01-15
5555,1,1858-01-13
5555,4,1858-01-13
5573,1,1858-02-04
5574,1,1858-02-05
5574,4,1858-01-13
5573,4,1858-02-04
5575,1,1858-02-06
5588,1,1858-02-24
5588,2,1858-02-24
5594,1,1858-03-02
5595,4,1858-03-03
5594,1,1858-03-02
5596,1,1858-03-04
5596,1,1858-03-04
5597,1,1858-03-05
5597,1,1858-03-05
5603,1,1858-03-11
5609,1,1858-03-18
5611,4,1858-03-21
5614,1,1858-03-24
5620,4,1858-03-30
5627,1,1858-04-09
5628,1,1858-04-10
5634,1,1858-04-16
5639,1,1858-04-22
5639,1,1858-04-22
5651,4,1858-05-05
5652,4,1858-05-06
5658,1,1858-05-13
5671,1,1858-05-28
5672,1,1858-05-28
5672,1,1858-05-28
5683,1,1858-06-09
5706,1,1858-06-28
5710,1,1858-07-02
5710,1,1858-07-02
5713,1,1858-07-05
5713,1,1858-07-05
5726,4,1858-07-15
5730,1,1858-07-19
5740,1,1858-07-29
5740,1,1858-07-29
5757,1,1858-08-14
5760,4,1858-08-17
5768,1,1858-08-25
5769,1,1858-08-26
5769,1,1858-08-26
5789,2,1858-09-18
5796,1,1858-09-27
5797,1,1858-09-28
5800,1,1858-10-01
5803,6,1858-10-05
5804,1,1858-10-06
5805,1,1858-10-07
5807,4,1858-10-09
5809,1,1858-10-11
5810,2,1858-10-12
5810,4,1858-10-12
5811,4,1858-10-13
5812,1,1858-10-14
5814,2,1858-10-16
5817,2,1858-10-19
5818,2,1858-10-20
5829,4,1858-10-30
5829,4,1858-10-30
5829,4,1858-10-30
5853,1,1858-11-23
5861,1,1858-11-30
5864,1,1858-12-03
5864,1,1858-12-03
5864,2,1858-12-03
5866,1,1858-12-04
5866,1,1858-12-04
5868,1,1858-12-07
5870,1,1858-12-10
5876,1,1858-12-15
5880,4,1858-12-18
5886,1,1858-12-24
5888,1,1858-12-27
5892,4,1859-01-03
5898,4,1859-01-07
5902,1,1859-01-11
5905,1,1859-01-13
5906,1,1859-01-14
5909,2,1859-01-17
5911,1,1859-01-19
5918,1,1859-01-25
5924,1,1859-01-28
5931,1,1859-02-05
5939,4,1859-02-12
5944,1,1859-02-16
5946,1,1859-02-18
5958,1,1859-02-28
5959,1,1859-03-01
5963,1,1859-03-04
5964,5,1859-03-05
5966,1,1859-03-09
5978,1,1859-03-21
5980,1,1859-03-23
5980,1,1859-03-23
5987,2,1859-03-28
5988,4,1859-03-29
5989,4,1859-03-30
6003,1,1859-04-11
6011,1,1859-04-18
6012,1,1859-04-19
6023,4,1859-05-12
6037,2,1859-05-16
6037,2,1859-05-16
6037,4,1859-05-16
6039,1,1859-05-18
6040,1,1859-05-19
6040,1,1859-05-19
6041,1,1859-05-20
6046,1,1859-05-24
6077,4,1859-06-27
6112,1,1859-08-02
6139,1,1859-08-26
6140,5,1859-08-27
6140,5,1859-08-27
6144,1,1859-09-01
6149,1,1859-09-06
6149,4,1859-09-06
6152,4,1859-09-10
6155,1,1859-09-13
6157,1,1859-09-15
6161,4,1859-09-19
6176,1,1859-10-05
6176,4,1859-10-05
6184,4,1859-10-13
6193,2,1859-10-22
6199,2,1859-10-27
6204,1,1859-11-02
6206,4,1859-11-04
6212,4,1859-11-09
6226,2,1859-11-21
6227,4,1859-11-22
6256,4,1859-12-17
6267,1,1859-12-28
6268,4,1859-11-29
6279,4,1860-01-09
8274,2,1864-07-04
8276,4,1864-07-08
8280,1,1864-07-12
8283,4,1864-07-15
8294,4,1864-07-22
8316,1,1864-08-08
8361,1,1864-09-13
8361,1,1864-09-13
8398,1,1864-10-11
8403,1,1864-10-14
8473,1,1864-12-01
8476,1,1864-12-03
8476,1,1864-12-03
8478,1,1864-12-05
8486,1,1864-12-12
8498,1,1864-12-16
8498,1,1864-12-16
9195,3,1867-01-03
9203,2,1867-01-10
9204,2,1867-01-11
9198,1,1867-01-04
9199,2,1867-01-05
9200,1,1867-01-07
9206,2,1867-01-12
9207,2,1867-01-14
9208,2,1867-01-15
9210,2,1867-01-17
9215,3,1867-01-22
9221,4,1867-01-28
9213,1,1867-01-19
9214,1,1867-01-21
9217,1,1867-01-23
9218,1,1867-01-24
9218,2,1867-01-24
9218,2,1867-01-24
9219,2,1867-01-25
9223,2,1867-01-29
9224,2,1867-01-30
9225,2,1867-01-31
9230,1,1867-02-04
9232,2,1867-02-06
9233,2,1867-02-07
9235,1,1867-02-08
9236,1,1867-02-09
9237,1,1867-02-11
9231,1,1867-02-05
9232,1,1867-02-06
9233,1,1867-02-07
9233,1,1867-02-07
9235,1,1867-02-08
9238,1,1867-02-11
9238,1,1867-02-11
9239,2,1867-02-12
9241,2,1867-02-14
9240,1,1867-02-13
9241,2,1867-02-13
9243,1,1867-02-15
9244,1,1867-02-16
9247,1,1867-02-18
9249,1,1867-02-19
9258,2,1867-02-27
9261,1,1867-03-02
9262,1,1867-03-06
9264,1,1867-03-07
9262,1,1867-03-06
9266,1,1867-03-09
9264,1,1867-03-07
9265,1,1867-03-08
9266,1,1867-03-09
9268,1,1867-03-11
9269,1,1867-03-12
9271,1,1867-03-13
9272,1,1867-03-14
9273,1,1867-03-15
9264,1,1867-03-07
9265,1,1867-03-08
9266,1,1867-03-09
9268,2,1867-03-11
9274,1,1867-03-16
9276,1,1867-03-18
9277,1,1867-03-20
9279,1,1867-03-21
9300,4,1867-04-11
9331,4,1867-05-20
9334,1,1867-05-22
9336,1,1867-05-23
9342,2,1867-05-28
9349,4,1867-06-03
9356,4,1867-06-08
9370,4,1867-06-25
9287,1,1867-03-29
9288,1,
9289,1,1867-04-01
9295,2,1867-04-05
9296,2,1867-04-06
9297,2,1867-04-08
9298,1,1867-04-09
9291,4,1867-04-11
9319,4,1867-04-24
9325,2,1867-05-13
9332,1,1867-05-20
9333,3,1867-05-21
9337,2,1867-05-23
9304,1,1867-04-15
9305,1,1867-04-16
9306,1,1867-04-17
9307,1,1867-04-20
9309,1,1867-04-23
9279,2,1867-05-20
9279,2,1867-05-20
9279,2,1867-05-20
9305,2,1867-04-16
9306,2,1867-04-17
9308,1,1867-04-20
9308,1,1867-04-20
9309,2,1867-04-23
9310,2,1867-04-24
9316,1,1867-05-01
9317,1,1867-05-03
9318,1,1867-05-04
9319,1,1867-05-06
9320,1,1867-05-07
9321,1,1867-05-08
9322,1,1867-05-09
9323,1,1867-05-10
9320,1,1867-05-07
9321,1,1867-05-08
9322,1,1867-05-09
9322,1,1867-05-09
9321,1,1867-05-08
9330,1,1867-05-18
9331,1,1867-05-20
9334,1,1867-05-22
9339,2,1867-05-25
9340,1,1867-05-27
9342,1,1867-05-28
9341,1,1867-05-27
9343,1,1867-05-28
9344,2,1867-05-29
9345,2,1867-05-31
9347,2,1867-06-01
9356,1,1867-06-08
9395,1,1867-07-15
9397,2,1867-07-16
9399,1,1867-07-17
9398,1,1867-07-17
9407,2,1867-07-23
9409,1,1867-07-24
9417,4,1867-08-02
9441,2,1867-08-22
9443,2,1867-08-23
9444,4,1867-08-24
9443,1,1867-08-23
9444,1,1867-08-24
9453,1,1867-08-31
9455,1,1867-09-02
9456,1,1867-08-03
9481,1,1867-09-25
9483,1,1867-09-26
9484,1,1867-09-27
9504,2,1867-10-14
9505,2,1867-10-15
9506,2,1867-10-16
9507,2,1867-10-17
9510,1,1867-10-19
9508,2,1867-10-24
9518,1,1867-10-25
9519,2,1867-10-26
9521,2,1867-10-28
9522,2,1867-10-09
9523,1,1867-10-30
9524,1,1867-10-31
9526,2,1867-11-02
9524,2,1867-10-31
9526,2,1867-11-02
9529,1,1867-11-05
9526,2,1867-11-02
9529,1,1867-11-05
9531,1,1867-11-06
9532,1,1867-11-07
9533,1,1867-11-08
9535,1,1867-11-09
9536,1,1867-11-11
9538,1,1867-11-12
9528,1,1867-11-04
9529,1,1867-11-05
9538,1,1867-11-12
9539,1,1867-11-13
9540,1,1867-11-14
9541,1,1867-11-15
9538,2,1867-11-12
9540,2,1867-11-14
9547,2,1867-11-20
9548,2,1867-11-21
9559,1,1867-12-03
9561,1,1867-12-04
9563,1,1867-12-05
9560,1,1867-12-03
9573,2,1867-12-16
9574,1,1867-12-17
9575,1,1867-12-18
9576,1,1867-12-19
9577,1,1867-12-20
9579,1,1867-12-21
9580,1,1867-12-23
9581,1,
9583,1,1867-12-27
9579,1,1867-12-21
9580,1,1867-12-23
9581,1,
9583,1,1867-12-27
9584,1,1867-12-28
9585,1,1867-12-30
9791,2,1868-07-01
9794,1,1868-07-03
9795,1,1868-07-04
9797,2,1868-07-06
9801,1,1868-07-09
9802,1,1868-07-10
9816,1,1968-07-20
9831,1,1868-08-01
9832,1,1868-08-02
9833,1,1868-08-03
9867,2,1868-08-28
9869,2,1968-08-29
9870,2,1968-08-31
9902,1,1868-09-26
9904,1,1868-09-28
9905,1,1868-09-29
9907,1,1868-09-30
9908,1,1868-10-01
9910,1,1868-10-02
9910,1,1868-10-02
9911,2,1868-10-03
9912,2,1868-10-05
9913,2,1868-10-06
9916,1,1868-10-07
9914,1,1868-10-06
9915,1,1868-10-07
9917,1,1868-10-08
9919,1,1868-10-09
9920,1,1868-10-10
9922,1,1868-10-12
9924,1,1868-10-13
9225,1,1868-10-14
9929,2,1868-10-16
9948,1,1868-10-30
9950,1,1868-10-31
9952,2,1868-11-02
9953,2,1868-11-03
9955,2,1868-11-04
9956,1,1868-11-05
9955,1,1868-11-04
9957,1,1868-11-05
9958,1,1868-11-06
9981,1,1868-11-25
9982,2,1868-11-26
9983,2,1868-11-27
9985,2,1868-11-28
9988,1,1868-12-01
9989,2,1868-12-02
10022,1,1868-12-29
10023,2,1868-12-30
10051,1,1869-01-25
10052,1,1869-01-26
10053,1,1869-01-27
10053,1,1869-01-27
10055,1,1869-01-28
10056,1,1869-01-29
10057,1,1869-01-30
10067,1,1869-02-11
10067,1,1869-02-11
10069,2,1869-02-12
10069,2,1869-02-11
10077,1,1869-02-20
10078,2,1869-02-22
10086,1,1869-03-02
10088,1,1869-03-03
10089,1,1869-03-04
10093,1,1869-03-09
10095,2,1869-03-10
10096,2,1869-03-11
10095,1,1869-03-10
10096,1,1869-03-11
10097,1,1869-03-12
10107,1,1869-03-22
10108,1,1869-03-23
10109,2,1869-03-24
10121,1,1869-04-06
10122,1,1869-04-07
10123,2,1869-04-08
10124,1,1869-04-09
10126,4,1869-04-10
10128,4,1869-04-12
10129,4,1869-04-13
10130,1,1869-04-13
10132,4,1869-04-15
10132,1,1869-04-15
10122,1,1869-04-07
10123,1,1869-04-08
10139,1,1869-04-21
10140,4,1869-04-22
10141,1,1869-04-23
10142,1,1869-04-24
10157,1,1869-05-10
10158,2,1869-05-11
10159,4,1869-05-12
10161,1,1869-05-14
10162,1,1869-05-15
10164,1,1869-05-18
10166,4,1869-05-10
10168,4,1869-05-21
10165,1,1869-05-19
10166,1,1869-05-20
10168,1,1869-05-21
10169,1,1869-05-22
10169,1,1869-05-22
10170,2,1869-05-24
10171,2,1869-05-25
10187,1,1869-06-09
10188,1,1869-06-10
10189,1,1869-06-11
10191,4,1869-06-12
10190,1,1869-06-11
10191,2,1869-06-12
10193,1,1869-06-14
10194,2,1869-06-15
10196,4,1869-06-17
10197,4,1869-06-18
10198,4,1869-06-18
10199,4,1869-06-19
10200,1,1869-06-21
10201,2,1869-06-22
10202,1,1869-06-23
10203,1,1869-06-23
10204,1,1869-06-25
10205,1,1869-06-26
10204,1,1869-06-25
10205,1,1869-06-26
10206,1,1869-06-27
10213,1,1869-07-03
10214,1,1869-07-05
10216,1,1869-07-06
10217,1,1869-07-07
10217,1,1869-07-07
10218,1,
10220,1,1869-07-09
10219,1,1869-07-08
10220,1,1869-07-09
10221,1,1869-07-10
10230,1,1869-07-17
10283,1,1869-07-24
10239,1,1869-07-26
10240,1,1869-07-27
10241,1,1869-07-28
10283,1,1869-09-04
10285,4,1869-09-06
10300,2,1869-09-17
10301,4,1869-09-18
10308,1,1869-09-24
10310,4,1869-09-26
10312,4,1869-09-27
10313,4,1869-09-28
10312,1,1869-09-27
10336,1,1869-10-16
10337,1,1869-10-16
10338,4,1869-10-19
10338,1,1869-10-19
10341,1,1869-10-20
10343,1,1869-10-21
10363,1,1869-11-06
10365,1,1869-11-09
10387,1,1869-11-29
10392,1,1869-12-03
10393,4,1869-12-04
10395,1,1869-11-06
10412,1,1869-12-22
10413,1,1869-12-23
10414,1,1869-12-24
