id_aviso,numero_edicion_fuente,numero_pagina_fuente
1,79,1.0
2,436,4.0
3,662,8.0
4,668,4.0
5,703,6.0
6,966,6.0
7,1003,4.0
8,1042,4.0
9,1059,1.0
10,1062,1.0
11,1071,4.0
12,1181,6.0
13,1223,6.0
14,1249,6.0
15,1250,4.0
16,1326,6.0
17,1353,4.0
18,1376,4.0
19,1410,1.0
20,1435,1.0
21,1448,4.0
22,1512,8.0
23,1532,4.0
24,1536,1.0
25,1600,6.0
26,1601,8.0
27,1648,8.0
28,1664,5.0
29,1695,8.0
30,1770,10.0
31,1808,1.0
32,1900,6.0
33,1929,8.0
34,1945,4.0
35,1972,1.0
36,2045,4.0
37,2061,4.0
38,2109,4.0
39,2246,1.0
40,2253,4.0
41,2311,1.0
42,2324,1.0
43,2399,1.0
44,2436,1.0
45,2441,1.0
46,2464,1.0
47,2469,1.0
48,2471,1.0
49,2486,1.0
50,2500,1.0
51,2504,1.0
52,2504,1.0
53,2505,1.0
54,2505,1.0
55,2506,1.0
56,2506,1.0
57,2506,1.0
58,2523,1.0
59,2540,1.0
60,2557,1.0
61,2564,1.0
62,2572,1.0
63,2590,1.0
64,2592,1.0
65,2594,1.0
66,2606,1.0
67,2606,4.0
68,2682,1.0
69,2717,1.0
70,2720,1.0
71,2744,1.0
72,2759,4.0
73,2790,1.0
74,2793,1.0
75,2806,1.0
76,2808,4.0
77,2834,4.0
78,2871,1.0
79,2905,1.0
80,2905,1.0
81,2919,1.0
82,2934,1.0
83,2968,1.0
84,2979,1.0
85,2993,1.0
86,3001,1.0
87,3014,1.0
88,3023,1.0
89,3056,1.0
90,3059,1.0
91,3073,1.0
92,3073,1.0
93,3076,1.0
94,3076,1.0
95,3082,1.0
96,3102,1.0
97,3107,1.0
98,3148,1.0
99,3168,1.0
100,3171,1.0
101,3174,1.0
102,3179,1.0
103,3181,1.0
104,3184,1.0
105,3222,1.0
106,3237,1.0
107,3239,1.0
108,3242,1.0
109,3246,1.0
110,3256,1.0
111,3257,1.0
112,3261,1.0
113,3265,1.0
114,3285,1.0
115,3297,1.0
116,3305,1.0
117,3312,1.0
118,3321,4.0
119,3342,1.0
120,3350,1.0
121,3350,1.0
122,3355,1.0
123,3358,1.0
124,3362,1.0
125,3384,1.0
126,3370,1.0
127,3376,1.0
128,3388,1.0
128,3389,1.0
129,3423,1.0
129,3424,1.0
129,3425,1.0
130,3423,1.0
130,3424,1.0
130,3425,1.0
131,3435,4.0
131,3437,1.0
132,3440,1.0
132,3441,1.0
132,3442,1.0
133,3442,1.0
133,3443,1.0
134,3454,1.0
135,3487,1.0
135,3488,1.0
136,3487,1.0
136,3488,1.0
136,3489,1.0
137,3487,1.0
137,3488,1.0
137,3489,1.0
138,3490,1.0
139,3491,1.0
139,3492,1.0
139,3493,4.0
140,3494,1.0
140,3496,1.0
140,3497,1.0
141,3510,1.0
141,3511,1.0
141,3512,1.0
142,3510,1.0
142,3511,1.0
142,3512,1.0
143,3512,1.0
144,3529,1.0
145,3540,4.0
145,3542,1.0
146,3543,1.0
146,3544,1.0
146,3545,1.0
147,3551,1.0
147,3552,1.0
147,3553,1.0
147,3554,1.0
148,3573,1.0
148,3574,1.0
148,3576,1.0
149,3573,1.0
150,3583,1.0
150,3610,1.0
151,3589,1.0
152,3590,1.0
153,3590,1.0
153,3591,1.0
153,3592,1.0
154,3608,1.0
155,3609,1.0
156,3610,1.0
157,3618,1.0
157,3619,1.0
158,3620,1.0
158,3622,1.0
158,3623,1.0
158,3624,1.0
159,3625,1.0
159,3626,1.0
160,3626,1.0
160,3627,1.0
160,3628,1.0
161,3628,1.0
162,3630,1.0
163,3648,1.0
163,3649,1.0
163,3650,1.0
164,3660,1.0
165,3663,1.0
166,3663,1.0
167,3682,1.0
167,3683,1.0
168,3689,1.0
169,3689,1.0
169,3690,1.0
170,3689,1.0
171,3720,1.0
171,3723,1.0
172,3723,2.0
172,3724,1.0
172,3725,4.0
173,3735,1.0
173,3736,1.0
173,3737,1.0
173,3738,1.0
174,3737,1.0
174,3739,1.0
175,3740,1.0
176,3743,1.0
177,3768,1.0
177,3769,1.0
178,3770,1.0
179,3772,1.0
180,3773,1.0
180,3774,1.0
180,3776,1.0
181,3775,1.0
181,3778,1.0
181,3779,4.0
182,3777,1.0
182,3782,1.0
182,3783,1.0
183,3779,4.0
183,3782,1.0
183,3783,1.0
184,3783,1.0
632,3783,1.0
185,3791,1.0
185,3796,1.0
186,3828,1.0
187,3832,1.0
188,3843,1.0
188,3845,1.0
189,3850,1.0
189,3851,1.0
190,3860,1.0
190,3861,1.0
190,3862,1.0
191,3868,1.0
192,3878,1.0
192,3879,1.0
193,3887,1.0
194,3895,1.0
194,3896,1.0
194,3897,1.0
194,3898,1.0
194,3899,1.0
194,3900,1.0
194,3902,1.0
194,3903,1.0
194,3904,1.0
194,3905,1.0
194,3906,1.0
194,3907,1.0
194,3909,1.0
195,3898,1.0
195,3899,1.0
195,3900,1.0
196,3918,1.0
197,3937,1.0
198,3941,1.0
199,3943,1.0
199,3944,1.0
199,3945,1.0
200,3950,1.0
200,3951,1.0
201,3956,1.0
202,3962,1.0
202,3963,1.0
202,3964,1.0
203,3981,1.0
204,3983,1.0
205,3984,1.0
205,3986,1.0
206,3990,1.0
206,3991,1.0
206,3993,1.0
207,4015,1.0
208,4026,1.0
208,4027,1.0
209,4037,1.0
209,4045,1.0
209,4046,1.0
210,4043,1.0
210,4045,1.0
211,4088,1.0
212,4107,1.0
213,4137,1.0
214,4150,1.0
215,4169,1.0
215,4170,1.0
216,4179,1.0
217,4187,1.0
218,4190,1.0
219,4192,1.0
220,4218,1.0
221,4242,1.0
221,4243,1.0
222,4244,1.0
223,4244,1.0
223,4245,1.0
224,4269,1.0
225,4284,1.0
226,4286,1.0
227,4286,1.0
228,4296,1.0
229,4310,1.0
229,4311,1.0
230,4295,1.0
231,4321,1.0
231,4323,1.0
231,4325,1.0
232,4323,1.0
233,4325,1.0
233,4326,1.0
234,4326,6.0
234,4327,1.0
235,4341,1.0
235,4342,1.0
236,4343,1.0
236,4344,1.0
236,4346,1.0
237,4349,1.0
237,4350,1.0
238,4358,1.0
238,4359,1.0
239,4364,1.0
240,4388,1.0
241,4391,1.0
242,4392,1.0
243,4400,1.0
243,4401,1.0
243,4402,1.0
243,4406,1.0
243,4407,4.0
243,4408,1.0
243,4409,1.0
244,4401,1.0
245,4402,1.0
245,4403,1.0
245,4405,1.0
245,4406,4.0
245,4407,4.0
246,4418,1.0
247,4419,1.0
247,4420,1.0
248,4440,1.0
249,4448,1.0
250,4454,1.0
250,4455,1.0
250,4457,1.0
251,4456,1.0
251,4458,1.0
252,4456,1.0
252,4460,1.0
252,4461,1.0
252,4464,4.0
253,4464,1.0
254,4464,1.0
255,4486,1.0
255,4487,1.0
256,4486,1.0
257,4488,1.0
257,4489,1.0
257,4490,1.0
257,4491,1.0
258,4488,1.0
259,4493,1.0
260,4501,1.0
260,4502,1.0
260,4503,1.0
261,4514,1.0
262,4515,1.0
263,4516,1.0
263,4517,1.0
263,4518,1.0
264,4525,1.0
265,4527,1.0
265,4528,1.0
266,4529,1.0
266,4530,1.0
266,4532,1.0
266,4534,1.0
266,4535,1.0
266,4536,1.0
267,4547,1.0
267,4548,1.0
267,4549,1.0
268,4547,1.0
269,4549,1.0
270,4556,1.0
270,4557,1.0
271,4559,1.0
272,4573,1.0
273,4577,1.0
273,4578,1.0
274,4589,1.0
275,4591,1.0
275,4592,1.0
275,4593,1.0
275,4594,4.0
275,4596,1.0
275,4597,1.0
276,4594,1.0
277,4605,1.0
277,4606,1.0
277,4607,1.0
277,4608,1.0
277,4609,1.0
278,4632,1.0
279,4634,1.0
280,4637,1.0
281,4639,1.0
282,4642,1.0
283,4642,1.0
283,4643,1.0
283,4644,1.0
284,4655,1.0
284,4656,1.0
285,4655,4.0
286,4662,1.0
286,4663,1.0
286,4664,1.0
286,4665,1.0
287,4678,1.0
287,4679,1.0
288,4695,1.0
288,4696,1.0
288,4697,1.0
289,4695,1.0
290,4697,4.0
290,4699,1.0
290,4700,1.0
291,4732,1.0
292,4741,1.0
293,4751,1.0
293,4752,1.0
294,4756,1.0
294,4759,1.0
295,4760,1.0
295,4761,1.0
295,4762,1.0
296,4783,1.0
297,4784,1.0
297,4785,1.0
298,4826,1.0
299,4839,3.0
300,4876,1.0
301,4927,1.0
301,4928,1.0
301,4929,1.0
301,4930,1.0
301,4931,1.0
302,5001,1.0
303,5042,1.0
304,5054,1.0
305,5054,1.0
306,5072,1.0
307,5097,1.0
308,5111,1.0
308,5112,1.0
308,5115,1.0
309,5126,1.0
310,5126,1.0
311,5126,1.0
311,5127,1.0
312,5126,1.0
313,5127,1.0
314,5128,1.0
314,5129,1.0
315,5144,1.0
316,5147,2.0
316,5148,4.0
317,5197,1.0
318,5199,1.0
319,5199,1.0
320,5230,1.0
321,5253,1.0
322,5262,1.0
322,5264,1.0
323,5276,1.0
324,5279,1.0
325,5290,1.0
326,5292,1.0
327,5310,1.0
328,5330,1.0
329,5330,1.0
330,5333,1.0
331,5340,1.0
331,5341,1.0
332,5345,4.0
333,5355,1.0
333,5356,1.0
334,5381,1.0
334,5382,1.0
335,5382,1.0
336,5384,4.0
337,5384,2.0
337,5387,4.0
337,5390,1.0
338,5392,2.0
339,5392,4.0
340,5404,1.0
341,5408,1.0
342,5408,2.0
342,5410,1.0
343,5407,1.0
343,5408,1.0
343,5409,1.0
344,5410,4.0
345,5412,4.0
346,5419,1.0
347,5433,2.0
348,5434,1.0
348,5435,1.0
348,5436,1.0
349,5437,1.0
350,5440,1.0
350,5444,4.0
351,5443,1.0
352,5460,1.0
353,5485,1.0
353,5486,1.0
353,5488,1.0
354,5501,1.0
355,5501,1.0
356,5518,1.0
357,5531,1.0
358,5534,1.0
358,5534,1.0
358,5536,4.0
359,5544,1.0
360,5544,1.0
360,5545,1.0
361,5545,4.0
362,5545,4.0
363,5545,1.0
363,5546,1.0
363,5547,1.0
364,5547,1.0
365,5546,1.0
365,5547,1.0
366,5547,2.0
366,5551,4.0
366,5551,1.0
367,5551,2.0
367,5550,4.0
367,5551,4.0
368,5551,2.0
368,5551,4.0
368,5551,1.0
369,5548,1.0
369,5558,1.0
370,5550,1.0
370,5551,1.0
370,5551,1.0
371,5551,1.0
371,5551,1.0
371,5551,1.0
371,5555,1.0
372,5555,3.0
373,5555,1.0
374,5555,4.0
374,5555,1.0
375,5555,4.0
376,5573,1.0
376,5574,1.0
377,5574,4.0
377,5573,4.0
377,5575,1.0
378,5588,1.0
379,5588,2.0
380,5594,1.0
380,5595,4.0
381,5594,1.0
382,5596,1.0
382,5597,1.0
382,5598,1.0
382,5601,1.0
383,5596,1.0
383,5598,1.0
383,5599,1.0
383,5600,1.0
383,5601,1.0
383,5602,1.0
384,5597,1.0
385,5597,1.0
385,5598,1.0
386,5603,1.0
387,5609,1.0
387,5610,1.0
387,5611,1.0
388,5611,4.0
388,5612,
389,5614,1.0
390,5620,4.0
391,5627,1.0
392,5628,1.0
392,5630,1.0
392,5631,1.0
393,5634,1.0
394,5639,1.0
394,5640,1.0
394,5641,1.0
395,5639,1.0
396,5651,4.0
396,5652,4.0
397,5652,4.0
398,5658,1.0
398,5659,1.0
399,5671,1.0
399,5673,1.0
400,5672,1.0
400,5673,1.0
401,5672,1.0
402,5683,1.0
403,5706,1.0
403,5709,1.0
403,5710,1.0
404,5710,1.0
404,5711,1.0
405,5710,1.0
406,5713,1.0
406,5714,1.0
407,5713,1.0
407,5714,
407,5715,1.0
408,5726,4.0
408,5727,4.0
408,5728,1.0
409,5730,1.0
409,5731,1.0
409,5732,1.0
410,5740,1.0
411,5740,1.0
411,5741,1.0
412,5757,1.0
412,5764,4.0
412,5766,4.0
413,5760,4.0
414,5768,1.0
415,5769,1.0
415,5772,4.0
415,5773,4.0
416,5769,1.0
416,5771,1.0
416,5774,1.0
417,5789,2.0
418,5796,1.0
418,5797,1.0
419,5797,1.0
420,5800,1.0
421,5803,6.0
422,5804,1.0
422,5805,1.0
422,5806,1.0
422,5807,1.0
423,5805,1.0
424,5807,4.0
424,5810,4.0
424,5811,4.0
425,5809,1.0
426,5810,2.0
427,5810,4.0
428,5811,4.0
428,5812,4.0
429,5812,1.0
430,5814,2.0
431,5817,2.0
431,5818,4.0
431,5820,4.0
432,5818,2.0
432,5819,1.0
432,5820,1.0
432,5821,1.0
433,5829,4.0
433,5831,4.0
434,5829,4.0
435,5829,4.0
436,5853,1.0
437,5861,1.0
437,5865,1.0
438,5864,1.0
438,5865,1.0
438,5867,1.0
438,5868,1.0
439,5864,1.0
440,5864,2.0
440,5865,1.0
440,5867,1.0
441,5866,1.0
441,5867,4.0
441,5868,4.0
441,5873,4.0
442,5866,1.0
442,5867,4.0
443,5868,1.0
444,5870,1.0
444,5873,4.0
445,5876,1.0
446,5880,4.0
447,5886,1.0
448,5888,1.0
449,5892,4.0
449,5897,
450,5898,4.0
451,5902,1.0
451,5903,1.0
451,5905,1.0
452,5905,1.0
453,5906,1.0
453,5907,1.0
454,5909,2.0
454,5910,1.0
454,5911,1.0
454,5914,4.0
455,5911,1.0
455,5910,1.0
455,5915,1.0
456,5918,1.0
457,5924,1.0
458,5931,1.0
458,5934,1.0
459,5939,4.0
460,5944,1.0
461,5946,1.0
462,5958,1.0
463,5959,1.0
463,5960,4.0
464,5963,1.0
464,5966,1.0
465,5964,5.0
465,5966,4.0
466,5966,1.0
467,5978,1.0
468,5980,1.0
469,5980,1.0
470,5987,2.0
471,5988,4.0
472,5989,4.0
473,6003,1.0
474,6011,1.0
475,6012,1.0
475,6013,1.0
475,6017,4.0
476,6023,4.0
476,6037,4.0
477,6037,2.0
478,6037,2.0
479,6037,4.0
480,6039,1.0
480,6040,1.0
481,6040,1.0
481,6041,1.0
482,6040,1.0
482,6041,1.0
482,6045,4.0
482,6046,4.0
483,6041,1.0
484,6046,1.0
485,6077,4.0
486,6112,1.0
487,6139,1.0
487,6140,1.0
488,6140,5.0
489,6140,5.0
490,6144,1.0
491,6149,1.0
491,6151,6.0
491,6152,4.0
491,6155,4.0
491,6156,4.0
492,6149,4.0
493,6152,4.0
494,6155,1.0
494,6158,4.0
495,6157,1.0
496,6161,4.0
497,6176,1.0
498,6176,4.0
499,6184,4.0
500,6193,2.0
500,6196,1.0
501,6199,2.0
502,6204,1.0
502,6205,1.0
503,6206,4.0
503,6212,4.0
503,6217,4.0
503,6218,8.0
504,6212,4.0
505,6226,2.0
506,6227,4.0
506,6228,1.0
506,6229,8.0
506,6237,1.0
506,6238,5.0
507,6256,4.0
508,6267,1.0
508,6268,4.0
509,6279,4.0
510,8274,2.0
511,8276,4.0
512,8280,1.0
512,8283,4.0
513,8294,4.0
514,8316,1.0
515,8361,1.0
516,8361,1.0
517,8398,1.0
518,8403,1.0
519,8473,1.0
519,8476,1.0
520,8476,1.0
521,8478,1.0
522,8486,1.0
523,8498,1.0
524,8498,1.0
525,9195,3.0
525,9203,2.0
525,9204,2.0
526,9198,1.0
526,9199,2.0
526,9200,2.0
526,9200,1.0
527,9206,2.0
527,9207,2.0
527,9208,2.0
527,9210,2.0
527,9215,3.0
527,9221,4.0
528,9213,1.0
528,9214,1.0
529,9217,1.0
529,9218,1.0
530,9218,2.0
530,9218,2.0
530,9219,2.0
531,9223,2.0
531,9224,2.0
531,9225,2.0
532,9230,1.0
532,9232,2.0
532,9233,2.0
532,9235,1.0
532,9236,1.0
532,9237,1.0
533,9231,1.0
533,9232,1.0
533,9233,1.0
534,9233,1.0
534,9235,1.0
534,9238,1.0
535,9238,1.0
535,9239,2.0
535,9241,2.0
536,9240,1.0
536,9241,2.0
536,9243,1.0
536,9244,1.0
536,9247,1.0
536,9249,1.0
537,9258,2.0
538,9261,1.0
538,9262,1.0
538,9264,1.0
539,9262,1.0
539,9266,1.0
540,9264,1.0
540,9265,1.0
540,9266,1.0
540,9268,1.0
540,9269,1.0
540,9271,1.0
540,9272,1.0
540,9273,1.0
541,9264,1.0
541,9265,1.0
541,9266,1.0
541,9268,2.0
542,9274,1.0
542,9276,1.0
542,9277,1.0
542,9279,1.0
542,9300,4.0
542,9331,4.0
542,9334,1.0
542,9336,1.0
542,9342,2.0
542,9349,4.0
542,9356,4.0
542,9370,4.0
543,9287,1.0
543,9288,1.0
543,9289,1.0
544,9295,2.0
544,9296,2.0
544,9297,2.0
544,9298,1.0
544,9291,4.0
544,9319,4.0
544,9325,2.0
544,9331,1.0
544,9333,3.0
544,9337,2.0
545,9304,1.0
545,9305,1.0
545,9306,1.0
545,9307,1.0
545,9309,1.0
545,9279,2.0
546,9279,2.0
547,9279,2.0
548,9305,2.0
548,9306,2.0
548,9308,1.0
549,9308,1.0
549,9309,2.0
549,9310,2.0
550,9316,1.0
550,9317,1.0
550,9318,1.0
550,9319,1.0
550,9320,1.0
550,9321,1.0
550,9322,1.0
550,9323,1.0
551,9320,1.0
551,9321,1.0
551,9322,1.0
552,9322,1.0
552,9321,1.0
553,9330,1.0
553,9331,1.0
553,9334,1.0
554,9339,2.0
554,9340,1.0
554,9342,1.0
555,9341,1.0
555,9343,1.0
555,9344,2.0
555,9345,2.0
555,9347,2.0
556,9356,1.0
557,9395,1.0
557,9397,2.0
557,9399,1.0
558,9398,1.0
559,9407,2.0
559,9409,1.0
559,9417,4.0
560,9441,2.0
560,9443,2.0
560,9444,4.0
561,9443,1.0
561,9444,1.0
562,9453,1.0
562,9455,1.0
562,9456,1.0
563,9481,1.0
563,9483,1.0
563,9484,1.0
564,9504,2.0
564,9505,2.0
564,9506,2.0
564,9507,2.0
564,9510,1.0
565,9508,2.0
565,9518,1.0
566,9519,2.0
566,9521,2.0
566,9522,2.0
567,9523,1.0
567,9524,1.0
567,9526,2.0
568,9524,2.0
568,9526,2.0
568,9529,1.0
569,9526,2.0
569,9529,1.0
569,9531,1.0
569,9532,1.0
569,9533,1.0
569,9535,1.0
569,9536,1.0
569,9538,1.0
570,9528,1.0
570,9529,1.0
571,9538,1.0
571,9539,1.0
571,9540,1.0
571,9541,1.0
572,9538,2.0
572,9540,2.0
573,9547,2.0
573,9548,2.0
574,9559,1.0
574,9561,1.0
574,9563,1.0
575,9560,1.0
576,9573,2.0
577,9574,1.0
577,9575,1.0
577,9576,1.0
577,8577,1.0
577,9579,1.0
577,9580,1.0
577,9581,1.0
577,9583,1.0
578,9579,1.0
578,9580,1.0
578,9581,1.0
578,9583,1.0
578,9584,1.0
578,9585,1.0
579,9791,2.0
580,9794,1.0
580,9795,1.0
580,9797,2.0
581,9801,1.0
581,9802,1.0
582,9816,1.0
583,9831,1.0
583,9832,1.0
583,9833,1.0
584,9867,2.0
584,9869,2.0
584,9870,2.0
585,9902,1.0
585,9904,1.0
585,9905,1.0
586,9907,1.0
586,9908,1.0
586,9910,1.0
587,9910,1.0
587,9911,2.0
587,9912,2.0
587,9913,2.0
587,9916,1.0
588,9914,1.0
588,9915,1.0
588,9917,1.0
588,9919,1.0
588,9920,1.0
588,9922,1.0
588,9924,1.0
588,9225,1.0
589,9929,2.0
590,9948,1.0
590,9950,1.0
591,9952,2.0
591,9953,2.0
591,9955,2.0
591,9956,1.0
592,9955,1.0
592,9957,1.0
592,9958,1.0
593,9981,1.0
593,9982,2.0
593,9983,2.0
593,9985,2.0
594,9988,1.0
594,9989,2.0
595,10022,1.0
595,10023,2.0
596,10051,1.0
596,10052,1.0
596,10053,1.0
597,10053,1.0
597,10055,1.0
597,10056,1.0
597,10057,1.0
598,10067,1.0
598,10067,1.0
598,10069,2.0
598,10069,2.0
599,10077,1.0
599,10078,2.0
600,10086,1.0
600,10088,1.0
600,10089,1.0
601,10093,1.0
601,10095,2.0
601,10096,2.0
602,10095,1.0
602,10096,1.0
602,10097,1.0
603,10107,1.0
603,10108,1.0
603,10109,2.0
604,10121,1.0
604,10122,1.0
604,10123,2.0
604,10124,1.0
604,10126,4.0
604,10128,4.0
604,10129,4.0
604,10130,1.0
604,10132,4.0
605,10132,1.0
605,10122,1.0
605,10123,1.0
606,10139,1.0
606,10140,4.0
606,10141,1.0
606,10142,1.0
607,10157,1.0
607,10158,2.0
607,10159,4.0
608,10161,1.0
608,10162,1.0
608,10164,1.0
608,10166,4.0
608,10168,4.0
609,10165,1.0
609,10166,1.0
609,10168,1.0
609,10169,1.0
610,10169,1.0
610,10170,2.0
610,10171,2.0
611,10187,1.0
611,10188,1.0
611,10189,1.0
611,10191,4.0
612,10190,1.0
612,10191,2.0
612,10193,1.0
612,10194,2.0
612,10196,4.0
612,10197,4.0
612,10198,4.0
612,10199,4.0
613,10200,1.0
613,10201,2.0
613,10202,1.0
614,10203,1.0
614,10204,1.0
614,10205,1.0
615,10204,1.0
615,10205,1.0
615,10206,1.0
616,10213,1.0
616,10214,1.0
616,10216,1.0
616,10217,1.0
617,10217,1.0
617,10218,1.0
617,10220,1.0
618,10219,1.0
618,10220,1.0
618,10221,1.0
619,10230,1.0
620,10283,1.0
620,10239,1.0
620,10240,1.0
620,10241,1.0
621,10283,1.0
621,10285,4.0
622,10300,2.0
622,10301,4.0
623,10308,1.0
623,10310,4.0
623,10312,4.0
623,10313,4.0
624,10312,1.0
625,10336,1.0
625,10337,1.0
625,10338,4.0
626,10338,1.0
626,10341,1.0
626,10343,1.0
627,10363,1.0
627,10365,1.0
628,10387,1.0
629,10392,1.0
629,10393,4.0
629,10395,1.0
630,10412,1.0
630,10413,1.0
631,10413,1.0
