variable,cobertura_media,cobertura_std,cobertura_min,cobertura_max,periodos
edad_num,0.9176355191310174,0.008108489257731558,0.911504424778761,0.926829268292683,3
color_piel_macro,0.4790006945295584,0.416527006656708,0.0,0.7560975609756098,3
cara_macro,0.19614331821710176,0.17139617255557382,0.0,0.3170731707317073,3
camisa_macro,0.16433794991216244,0.1430882585220999,0.0,0.2613065326633166,3
ojos_macro,0.14734240307227195,0.13233752983076877,0.0,0.25609756097560976,3
nariz_macro,0.14327736242186542,0.12742257670727997,0.0,0.24390243902439024,3
complexion_macro,0.12546472198390327,0.1087833761243678,0.0,0.1934673366834171,3
pantalon_macro,0.1095518241614577,0.09668054558297115,0.0,0.18292682926829268,3
estatura_macro,0.0987866160068636,0.08847417451935623,0.0,0.17073170731707318,3
longitud_cabello_macro,0.07200637333006497,0.0663432422087429,0.0,0.1306532663316583,3
boca_macro,0.06589859868447931,0.058102993025425986,0.0,0.10975609756097561,3
peinado_macro,0.02667810597703967,0.03616430211574564,0.0,0.0678391959798995,3
frente_macro,0.02140785226947747,0.01907184020386173,0.0,0.036585365853658534,3
